0	Sun Jan 19 20:51:00 2014	output_data/in_i0_n16.txt	output_data/out_i0_n16_c0.txt	16	0	0.125000
0	Sun Jan 19 20:51:00 2014	output_data/in_i0_n16.txt	output_data/out_i0_n16_c1.txt	16	1	0.592000
0	Sun Jan 19 20:51:00 2014	output_data/in_i0_n16.txt	output_data/out_i0_n16_c2.txt	16	2	0.974000
0	Sun Jan 19 20:51:00 2014	output_data/in_i0_n16.txt	output_data/out_i0_n16_c4.txt	16	4	1.369000
0	Sun Jan 19 20:51:00 2014	output_data/in_i0_n16.txt	output_data/out_i0_n16_c8.txt	16	8	2.169000
0	Sun Jan 19 20:51:00 2014	output_data/in_i0_n16.txt	output_data/out_i0_n16_c16.txt	16	16	4.678000
0	Sun Jan 19 20:51:00 2014	output_data/in_i0_n32.txt	output_data/out_i0_n32_c0.txt	32	0	0.898000
0	Sun Jan 19 20:51:00 2014	output_data/in_i0_n32.txt	output_data/out_i0_n32_c1.txt	32	1	1.542000
0	Sun Jan 19 20:51:00 2014	output_data/in_i0_n32.txt	output_data/out_i0_n32_c2.txt	32	2	1.530000
0	Sun Jan 19 20:51:00 2014	output_data/in_i0_n32.txt	output_data/out_i0_n32_c4.txt	32	4	1.650000
0	Sun Jan 19 20:51:00 2014	output_data/in_i0_n32.txt	output_data/out_i0_n32_c8.txt	32	8	2.912000
0	Sun Jan 19 20:51:00 2014	output_data/in_i0_n32.txt	output_data/out_i0_n32_c16.txt	32	16	7.819000
0	Sun Jan 19 20:51:00 2014	output_data/in_i0_n32.txt	output_data/out_i0_n32_c32.txt	32	32	14.646000
0	Sun Jan 19 20:51:00 2014	output_data/in_i0_n64.txt	output_data/out_i0_n64_c0.txt	64	0	6.575000
0	Sun Jan 19 20:51:00 2014	output_data/in_i0_n64.txt	output_data/out_i0_n64_c1.txt	64	1	8.503000
0	Sun Jan 19 20:51:00 2014	output_data/in_i0_n64.txt	output_data/out_i0_n64_c2.txt	64	2	5.588000
0	Sun Jan 19 20:51:00 2014	output_data/in_i0_n64.txt	output_data/out_i0_n64_c4.txt	64	4	4.301000
0	Sun Jan 19 20:51:00 2014	output_data/in_i0_n64.txt	output_data/out_i0_n64_c8.txt	64	8	4.462000
0	Sun Jan 19 20:51:00 2014	output_data/in_i0_n64.txt	output_data/out_i0_n64_c16.txt	64	16	13.385000
0	Sun Jan 19 20:51:00 2014	output_data/in_i0_n64.txt	output_data/out_i0_n64_c32.txt	64	32	24.462999
0	Sun Jan 19 20:51:01 2014	output_data/in_i0_n64.txt	output_data/out_i0_n64_c64.txt	64	64	56.867001
0	Sun Jan 19 20:51:01 2014	output_data/in_i0_n128.txt	output_data/out_i0_n128_c0.txt	128	0	20.785000
0	Sun Jan 19 20:51:01 2014	output_data/in_i0_n128.txt	output_data/out_i0_n128_c1.txt	128	1	40.808998
0	Sun Jan 19 20:51:01 2014	output_data/in_i0_n128.txt	output_data/out_i0_n128_c2.txt	128	2	24.379999
0	Sun Jan 19 20:51:01 2014	output_data/in_i0_n128.txt	output_data/out_i0_n128_c4.txt	128	4	18.875000
0	Sun Jan 19 20:51:01 2014	output_data/in_i0_n128.txt	output_data/out_i0_n128_c8.txt	128	8	14.140000
0	Sun Jan 19 20:51:01 2014	output_data/in_i0_n128.txt	output_data/out_i0_n128_c16.txt	128	16	15.745000
0	Sun Jan 19 20:51:01 2014	output_data/in_i0_n128.txt	output_data/out_i0_n128_c32.txt	128	32	62.424000
0	Sun Jan 19 20:51:01 2014	output_data/in_i0_n128.txt	output_data/out_i0_n128_c64.txt	128	64	108.969002
0	Sun Jan 19 20:51:01 2014	output_data/in_i0_n256.txt	output_data/out_i0_n256_c0.txt	256	0	159.365997
0	Sun Jan 19 20:51:02 2014	output_data/in_i0_n256.txt	output_data/out_i0_n256_c1.txt	256	1	188.839005
0	Sun Jan 19 20:51:02 2014	output_data/in_i0_n256.txt	output_data/out_i0_n256_c2.txt	256	2	122.164001
0	Sun Jan 19 20:51:02 2014	output_data/in_i0_n256.txt	output_data/out_i0_n256_c4.txt	256	4	77.487000
0	Sun Jan 19 20:51:03 2014	output_data/in_i0_n256.txt	output_data/out_i0_n256_c8.txt	256	8	72.839996
0	Sun Jan 19 20:51:03 2014	output_data/in_i0_n256.txt	output_data/out_i0_n256_c16.txt	256	16	90.013000
0	Sun Jan 19 20:51:03 2014	output_data/in_i0_n256.txt	output_data/out_i0_n256_c32.txt	256	32	159.266998
0	Sun Jan 19 20:51:03 2014	output_data/in_i0_n256.txt	output_data/out_i0_n256_c64.txt	256	64	263.431000
0	Sun Jan 19 20:51:04 2014	output_data/in_i0_n512.txt	output_data/out_i0_n512_c0.txt	512	0	1225.505981
0	Sun Jan 19 20:51:06 2014	output_data/in_i0_n512.txt	output_data/out_i0_n512_c1.txt	512	1	1489.071045
0	Sun Jan 19 20:51:08 2014	output_data/in_i0_n512.txt	output_data/out_i0_n512_c2.txt	512	2	766.151001
0	Sun Jan 19 20:51:10 2014	output_data/in_i0_n512.txt	output_data/out_i0_n512_c4.txt	512	4	431.656006
0	Sun Jan 19 20:51:11 2014	output_data/in_i0_n512.txt	output_data/out_i0_n512_c8.txt	512	8	292.398010
0	Sun Jan 19 20:51:12 2014	output_data/in_i0_n512.txt	output_data/out_i0_n512_c16.txt	512	16	437.005005
0	Sun Jan 19 20:51:14 2014	output_data/in_i0_n512.txt	output_data/out_i0_n512_c32.txt	512	32	557.870972
0	Sun Jan 19 20:51:15 2014	output_data/in_i0_n512.txt	output_data/out_i0_n512_c64.txt	512	64	776.568970
0	Sun Jan 19 20:51:18 2014	output_data/in_i0_n1024.txt	output_data/out_i0_n1024_c0.txt	1024	0	9679.691406
0	Sun Jan 19 20:51:33 2014	output_data/in_i0_n1024.txt	output_data/out_i0_n1024_c1.txt	1024	1	11765.601562
0	Sun Jan 19 20:51:50 2014	output_data/in_i0_n1024.txt	output_data/out_i0_n1024_c2.txt	1024	2	5978.311035
0	Sun Jan 19 20:52:02 2014	output_data/in_i0_n1024.txt	output_data/out_i0_n1024_c4.txt	1024	4	3095.531982
0	Sun Jan 19 20:52:10 2014	output_data/in_i0_n1024.txt	output_data/out_i0_n1024_c8.txt	1024	8	1773.536011
0	Sun Jan 19 20:52:17 2014	output_data/in_i0_n1024.txt	output_data/out_i0_n1024_c16.txt	1024	16	1262.558960
0	Sun Jan 19 20:52:24 2014	output_data/in_i0_n1024.txt	output_data/out_i0_n1024_c32.txt	1024	32	2949.475098
0	Sun Jan 19 20:52:33 2014	output_data/in_i0_n1024.txt	output_data/out_i0_n1024_c64.txt	1024	64	3484.810059
1	Sun Jan 19 20:52:42 2014	output_data/in_i1_n16.txt	output_data/out_i1_n16_c0.txt	16	0	0.091000
1	Sun Jan 19 20:52:42 2014	output_data/in_i1_n16.txt	output_data/out_i1_n16_c1.txt	16	1	0.547000
1	Sun Jan 19 20:52:42 2014	output_data/in_i1_n16.txt	output_data/out_i1_n16_c2.txt	16	2	0.990000
1	Sun Jan 19 20:52:42 2014	output_data/in_i1_n16.txt	output_data/out_i1_n16_c4.txt	16	4	1.307000
1	Sun Jan 19 20:52:42 2014	output_data/in_i1_n16.txt	output_data/out_i1_n16_c8.txt	16	8	2.224000
1	Sun Jan 19 20:52:42 2014	output_data/in_i1_n16.txt	output_data/out_i1_n16_c16.txt	16	16	4.908000
1	Sun Jan 19 20:52:42 2014	output_data/in_i1_n32.txt	output_data/out_i1_n32_c0.txt	32	0	1.051000
1	Sun Jan 19 20:52:42 2014	output_data/in_i1_n32.txt	output_data/out_i1_n32_c1.txt	32	1	1.526000
1	Sun Jan 19 20:52:42 2014	output_data/in_i1_n32.txt	output_data/out_i1_n32_c2.txt	32	2	1.511000
1	Sun Jan 19 20:52:42 2014	output_data/in_i1_n32.txt	output_data/out_i1_n32_c4.txt	32	4	1.746000
1	Sun Jan 19 20:52:42 2014	output_data/in_i1_n32.txt	output_data/out_i1_n32_c8.txt	32	8	3.253000
1	Sun Jan 19 20:52:42 2014	output_data/in_i1_n32.txt	output_data/out_i1_n32_c16.txt	32	16	7.239000
1	Sun Jan 19 20:52:42 2014	output_data/in_i1_n32.txt	output_data/out_i1_n32_c32.txt	32	32	15.480000
1	Sun Jan 19 20:52:42 2014	output_data/in_i1_n64.txt	output_data/out_i1_n64_c0.txt	64	0	5.601000
1	Sun Jan 19 20:52:42 2014	output_data/in_i1_n64.txt	output_data/out_i1_n64_c1.txt	64	1	8.511000
1	Sun Jan 19 20:52:42 2014	output_data/in_i1_n64.txt	output_data/out_i1_n64_c2.txt	64	2	5.460000
1	Sun Jan 19 20:52:42 2014	output_data/in_i1_n64.txt	output_data/out_i1_n64_c4.txt	64	4	3.987000
1	Sun Jan 19 20:52:42 2014	output_data/in_i1_n64.txt	output_data/out_i1_n64_c8.txt	64	8	4.329000
1	Sun Jan 19 20:52:42 2014	output_data/in_i1_n64.txt	output_data/out_i1_n64_c16.txt	64	16	13.369000
1	Sun Jan 19 20:52:42 2014	output_data/in_i1_n64.txt	output_data/out_i1_n64_c32.txt	64	32	28.011000
1	Sun Jan 19 20:52:42 2014	output_data/in_i1_n64.txt	output_data/out_i1_n64_c64.txt	64	64	56.426998
1	Sun Jan 19 20:52:42 2014	output_data/in_i1_n128.txt	output_data/out_i1_n128_c0.txt	128	0	20.754000
1	Sun Jan 19 20:52:42 2014	output_data/in_i1_n128.txt	output_data/out_i1_n128_c1.txt	128	1	35.896000
1	Sun Jan 19 20:52:42 2014	output_data/in_i1_n128.txt	output_data/out_i1_n128_c2.txt	128	2	23.836000
1	Sun Jan 19 20:52:42 2014	output_data/in_i1_n128.txt	output_data/out_i1_n128_c4.txt	128	4	18.665001
1	Sun Jan 19 20:52:43 2014	output_data/in_i1_n128.txt	output_data/out_i1_n128_c8.txt	128	8	14.768000
1	Sun Jan 19 20:52:43 2014	output_data/in_i1_n128.txt	output_data/out_i1_n128_c16.txt	128	16	23.993000
1	Sun Jan 19 20:52:43 2014	output_data/in_i1_n128.txt	output_data/out_i1_n128_c32.txt	128	32	59.403999
1	Sun Jan 19 20:52:43 2014	output_data/in_i1_n128.txt	output_data/out_i1_n128_c64.txt	128	64	111.303001
1	Sun Jan 19 20:52:43 2014	output_data/in_i1_n256.txt	output_data/out_i1_n256_c0.txt	256	0	156.585007
1	Sun Jan 19 20:52:43 2014	output_data/in_i1_n256.txt	output_data/out_i1_n256_c1.txt	256	1	192.634995
1	Sun Jan 19 20:52:44 2014	output_data/in_i1_n256.txt	output_data/out_i1_n256_c2.txt	256	2	128.768997
1	Sun Jan 19 20:52:44 2014	output_data/in_i1_n256.txt	output_data/out_i1_n256_c4.txt	256	4	80.900002
1	Sun Jan 19 20:52:44 2014	output_data/in_i1_n256.txt	output_data/out_i1_n256_c8.txt	256	8	73.400002
1	Sun Jan 19 20:52:44 2014	output_data/in_i1_n256.txt	output_data/out_i1_n256_c16.txt	256	16	92.367996
1	Sun Jan 19 20:52:45 2014	output_data/in_i1_n256.txt	output_data/out_i1_n256_c32.txt	256	32	158.876007
1	Sun Jan 19 20:52:45 2014	output_data/in_i1_n256.txt	output_data/out_i1_n256_c64.txt	256	64	284.467010
1	Sun Jan 19 20:52:46 2014	output_data/in_i1_n512.txt	output_data/out_i1_n512_c0.txt	512	0	1217.084961
1	Sun Jan 19 20:52:48 2014	output_data/in_i1_n512.txt	output_data/out_i1_n512_c1.txt	512	1	1748.555054
1	Sun Jan 19 20:52:50 2014	output_data/in_i1_n512.txt	output_data/out_i1_n512_c2.txt	512	2	777.715027
1	Sun Jan 19 20:52:52 2014	output_data/in_i1_n512.txt	output_data/out_i1_n512_c4.txt	512	4	440.294006
1	Sun Jan 19 20:52:53 2014	output_data/in_i1_n512.txt	output_data/out_i1_n512_c8.txt	512	8	343.063995
1	Sun Jan 19 20:52:54 2014	output_data/in_i1_n512.txt	output_data/out_i1_n512_c16.txt	512	16	357.470001
1	Sun Jan 19 20:52:55 2014	output_data/in_i1_n512.txt	output_data/out_i1_n512_c32.txt	512	32	551.539001
1	Sun Jan 19 20:52:57 2014	output_data/in_i1_n512.txt	output_data/out_i1_n512_c64.txt	512	64	756.004028
1	Sun Jan 19 20:52:59 2014	output_data/in_i1_n1024.txt	output_data/out_i1_n1024_c0.txt	1024	0	9668.619141
1	Sun Jan 19 20:53:15 2014	output_data/in_i1_n1024.txt	output_data/out_i1_n1024_c1.txt	1024	1	11911.230469
1	Sun Jan 19 20:53:32 2014	output_data/in_i1_n1024.txt	output_data/out_i1_n1024_c2.txt	1024	2	5963.181152
1	Sun Jan 19 20:53:43 2014	output_data/in_i1_n1024.txt	output_data/out_i1_n1024_c4.txt	1024	4	3091.922119
1	Sun Jan 19 20:53:52 2014	output_data/in_i1_n1024.txt	output_data/out_i1_n1024_c8.txt	1024	8	1856.553955
1	Sun Jan 19 20:53:59 2014	output_data/in_i1_n1024.txt	output_data/out_i1_n1024_c16.txt	1024	16	1193.828979
1	Sun Jan 19 20:54:06 2014	output_data/in_i1_n1024.txt	output_data/out_i1_n1024_c32.txt	1024	32	2833.537109
1	Sun Jan 19 20:54:15 2014	output_data/in_i1_n1024.txt	output_data/out_i1_n1024_c64.txt	1024	64	3502.124023
2	Sun Jan 19 20:54:24 2014	output_data/in_i2_n16.txt	output_data/out_i2_n16_c0.txt	16	0	0.119000
2	Sun Jan 19 20:54:24 2014	output_data/in_i2_n16.txt	output_data/out_i2_n16_c1.txt	16	1	0.634000
2	Sun Jan 19 20:54:24 2014	output_data/in_i2_n16.txt	output_data/out_i2_n16_c2.txt	16	2	0.939000
2	Sun Jan 19 20:54:24 2014	output_data/in_i2_n16.txt	output_data/out_i2_n16_c4.txt	16	4	1.230000
2	Sun Jan 19 20:54:24 2014	output_data/in_i2_n16.txt	output_data/out_i2_n16_c8.txt	16	8	2.560000
2	Sun Jan 19 20:54:24 2014	output_data/in_i2_n16.txt	output_data/out_i2_n16_c16.txt	16	16	4.735000
2	Sun Jan 19 20:54:24 2014	output_data/in_i2_n32.txt	output_data/out_i2_n32_c0.txt	32	0	0.913000
2	Sun Jan 19 20:54:24 2014	output_data/in_i2_n32.txt	output_data/out_i2_n32_c1.txt	32	1	1.529000
2	Sun Jan 19 20:54:24 2014	output_data/in_i2_n32.txt	output_data/out_i2_n32_c2.txt	32	2	1.567000
2	Sun Jan 19 20:54:24 2014	output_data/in_i2_n32.txt	output_data/out_i2_n32_c4.txt	32	4	1.624000
2	Sun Jan 19 20:54:24 2014	output_data/in_i2_n32.txt	output_data/out_i2_n32_c8.txt	32	8	2.752000
2	Sun Jan 19 20:54:24 2014	output_data/in_i2_n32.txt	output_data/out_i2_n32_c16.txt	32	16	8.094000
2	Sun Jan 19 20:54:24 2014	output_data/in_i2_n32.txt	output_data/out_i2_n32_c32.txt	32	32	16.166000
2	Sun Jan 19 20:54:24 2014	output_data/in_i2_n64.txt	output_data/out_i2_n64_c0.txt	64	0	7.118000
2	Sun Jan 19 20:54:24 2014	output_data/in_i2_n64.txt	output_data/out_i2_n64_c1.txt	64	1	8.924000
2	Sun Jan 19 20:54:24 2014	output_data/in_i2_n64.txt	output_data/out_i2_n64_c2.txt	64	2	5.332000
2	Sun Jan 19 20:54:24 2014	output_data/in_i2_n64.txt	output_data/out_i2_n64_c4.txt	64	4	3.850000
2	Sun Jan 19 20:54:24 2014	output_data/in_i2_n64.txt	output_data/out_i2_n64_c8.txt	64	8	3.957000
2	Sun Jan 19 20:54:24 2014	output_data/in_i2_n64.txt	output_data/out_i2_n64_c16.txt	64	16	13.300000
2	Sun Jan 19 20:54:24 2014	output_data/in_i2_n64.txt	output_data/out_i2_n64_c32.txt	64	32	28.809999
2	Sun Jan 19 20:54:24 2014	output_data/in_i2_n64.txt	output_data/out_i2_n64_c64.txt	64	64	60.597000
2	Sun Jan 19 20:54:25 2014	output_data/in_i2_n128.txt	output_data/out_i2_n128_c0.txt	128	0	21.030001
2	Sun Jan 19 20:54:25 2014	output_data/in_i2_n128.txt	output_data/out_i2_n128_c1.txt	128	1	39.321999
2	Sun Jan 19 20:54:25 2014	output_data/in_i2_n128.txt	output_data/out_i2_n128_c2.txt	128	2	27.191999
2	Sun Jan 19 20:54:25 2014	output_data/in_i2_n128.txt	output_data/out_i2_n128_c4.txt	128	4	19.072001
2	Sun Jan 19 20:54:25 2014	output_data/in_i2_n128.txt	output_data/out_i2_n128_c8.txt	128	8	14.663000
2	Sun Jan 19 20:54:25 2014	output_data/in_i2_n128.txt	output_data/out_i2_n128_c16.txt	128	16	31.511999
2	Sun Jan 19 20:54:25 2014	output_data/in_i2_n128.txt	output_data/out_i2_n128_c32.txt	128	32	63.817001
2	Sun Jan 19 20:54:25 2014	output_data/in_i2_n128.txt	output_data/out_i2_n128_c64.txt	128	64	122.472000
2	Sun Jan 19 20:54:25 2014	output_data/in_i2_n256.txt	output_data/out_i2_n256_c0.txt	256	0	157.584000
2	Sun Jan 19 20:54:26 2014	output_data/in_i2_n256.txt	output_data/out_i2_n256_c1.txt	256	1	190.335999
2	Sun Jan 19 20:54:26 2014	output_data/in_i2_n256.txt	output_data/out_i2_n256_c2.txt	256	2	123.473999
2	Sun Jan 19 20:54:26 2014	output_data/in_i2_n256.txt	output_data/out_i2_n256_c4.txt	256	4	56.848000
2	Sun Jan 19 20:54:27 2014	output_data/in_i2_n256.txt	output_data/out_i2_n256_c8.txt	256	8	72.040001
2	Sun Jan 19 20:54:27 2014	output_data/in_i2_n256.txt	output_data/out_i2_n256_c16.txt	256	16	96.458000
2	Sun Jan 19 20:54:27 2014	output_data/in_i2_n256.txt	output_data/out_i2_n256_c32.txt	256	32	160.617004
2	Sun Jan 19 20:54:27 2014	output_data/in_i2_n256.txt	output_data/out_i2_n256_c64.txt	256	64	273.040009
2	Sun Jan 19 20:54:28 2014	output_data/in_i2_n512.txt	output_data/out_i2_n512_c0.txt	512	0	1226.839966
2	Sun Jan 19 20:54:30 2014	output_data/in_i2_n512.txt	output_data/out_i2_n512_c1.txt	512	1	1465.593994
2	Sun Jan 19 20:54:32 2014	output_data/in_i2_n512.txt	output_data/out_i2_n512_c2.txt	512	2	904.041992
2	Sun Jan 19 20:54:34 2014	output_data/in_i2_n512.txt	output_data/out_i2_n512_c4.txt	512	4	486.277008
2	Sun Jan 19 20:54:35 2014	output_data/in_i2_n512.txt	output_data/out_i2_n512_c8.txt	512	8	406.944000
2	Sun Jan 19 20:54:37 2014	output_data/in_i2_n512.txt	output_data/out_i2_n512_c16.txt	512	16	436.162994
2	Sun Jan 19 20:54:38 2014	output_data/in_i2_n512.txt	output_data/out_i2_n512_c32.txt	512	32	561.083984
2	Sun Jan 19 20:54:39 2014	output_data/in_i2_n512.txt	output_data/out_i2_n512_c64.txt	512	64	747.192017
2	Sun Jan 19 20:54:42 2014	output_data/in_i2_n1024.txt	output_data/out_i2_n1024_c0.txt	1024	0	9792.201172
2	Sun Jan 19 20:54:57 2014	output_data/in_i2_n1024.txt	output_data/out_i2_n1024_c1.txt	1024	1	11764.360352
2	Sun Jan 19 20:55:14 2014	output_data/in_i2_n1024.txt	output_data/out_i2_n1024_c2.txt	1024	2	5950.092773
2	Sun Jan 19 20:55:26 2014	output_data/in_i2_n1024.txt	output_data/out_i2_n1024_c4.txt	1024	4	3065.675049
2	Sun Jan 19 20:55:34 2014	output_data/in_i2_n1024.txt	output_data/out_i2_n1024_c8.txt	1024	8	1872.498047
2	Sun Jan 19 20:55:42 2014	output_data/in_i2_n1024.txt	output_data/out_i2_n1024_c16.txt	1024	16	1202.521973
2	Sun Jan 19 20:55:48 2014	output_data/in_i2_n1024.txt	output_data/out_i2_n1024_c32.txt	1024	32	2880.329102
2	Sun Jan 19 20:55:57 2014	output_data/in_i2_n1024.txt	output_data/out_i2_n1024_c64.txt	1024	64	3521.123047
3	Sun Jan 19 20:56:06 2014	output_data/in_i3_n16.txt	output_data/out_i3_n16_c0.txt	16	0	0.117000
3	Sun Jan 19 20:56:06 2014	output_data/in_i3_n16.txt	output_data/out_i3_n16_c1.txt	16	1	0.572000
3	Sun Jan 19 20:56:06 2014	output_data/in_i3_n16.txt	output_data/out_i3_n16_c2.txt	16	2	0.957000
3	Sun Jan 19 20:56:06 2014	output_data/in_i3_n16.txt	output_data/out_i3_n16_c4.txt	16	4	1.259000
3	Sun Jan 19 20:56:06 2014	output_data/in_i3_n16.txt	output_data/out_i3_n16_c8.txt	16	8	2.521000
3	Sun Jan 19 20:56:06 2014	output_data/in_i3_n16.txt	output_data/out_i3_n16_c16.txt	16	16	4.565000
3	Sun Jan 19 20:56:06 2014	output_data/in_i3_n32.txt	output_data/out_i3_n32_c0.txt	32	0	0.891000
3	Sun Jan 19 20:56:06 2014	output_data/in_i3_n32.txt	output_data/out_i3_n32_c1.txt	32	1	1.546000
3	Sun Jan 19 20:56:06 2014	output_data/in_i3_n32.txt	output_data/out_i3_n32_c2.txt	32	2	1.502000
3	Sun Jan 19 20:56:06 2014	output_data/in_i3_n32.txt	output_data/out_i3_n32_c4.txt	32	4	1.665000
3	Sun Jan 19 20:56:06 2014	output_data/in_i3_n32.txt	output_data/out_i3_n32_c8.txt	32	8	3.109000
3	Sun Jan 19 20:56:06 2014	output_data/in_i3_n32.txt	output_data/out_i3_n32_c16.txt	32	16	7.814000
3	Sun Jan 19 20:56:06 2014	output_data/in_i3_n32.txt	output_data/out_i3_n32_c32.txt	32	32	15.280000
3	Sun Jan 19 20:56:06 2014	output_data/in_i3_n64.txt	output_data/out_i3_n64_c0.txt	64	0	4.350000
3	Sun Jan 19 20:56:06 2014	output_data/in_i3_n64.txt	output_data/out_i3_n64_c1.txt	64	1	8.604000
3	Sun Jan 19 20:56:06 2014	output_data/in_i3_n64.txt	output_data/out_i3_n64_c2.txt	64	2	5.392000
3	Sun Jan 19 20:56:06 2014	output_data/in_i3_n64.txt	output_data/out_i3_n64_c4.txt	64	4	4.292000
3	Sun Jan 19 20:56:06 2014	output_data/in_i3_n64.txt	output_data/out_i3_n64_c8.txt	64	8	4.441000
3	Sun Jan 19 20:56:06 2014	output_data/in_i3_n64.txt	output_data/out_i3_n64_c16.txt	64	16	14.469000
3	Sun Jan 19 20:56:06 2014	output_data/in_i3_n64.txt	output_data/out_i3_n64_c32.txt	64	32	27.584000
3	Sun Jan 19 20:56:07 2014	output_data/in_i3_n64.txt	output_data/out_i3_n64_c64.txt	64	64	62.900002
3	Sun Jan 19 20:56:07 2014	output_data/in_i3_n128.txt	output_data/out_i3_n128_c0.txt	128	0	20.719000
3	Sun Jan 19 20:56:07 2014	output_data/in_i3_n128.txt	output_data/out_i3_n128_c1.txt	128	1	41.262001
3	Sun Jan 19 20:56:07 2014	output_data/in_i3_n128.txt	output_data/out_i3_n128_c2.txt	128	2	29.799999
3	Sun Jan 19 20:56:07 2014	output_data/in_i3_n128.txt	output_data/out_i3_n128_c4.txt	128	4	18.540001
3	Sun Jan 19 20:56:07 2014	output_data/in_i3_n128.txt	output_data/out_i3_n128_c8.txt	128	8	15.015000
3	Sun Jan 19 20:56:07 2014	output_data/in_i3_n128.txt	output_data/out_i3_n128_c16.txt	128	16	26.478001
3	Sun Jan 19 20:56:07 2014	output_data/in_i3_n128.txt	output_data/out_i3_n128_c32.txt	128	32	62.987000
3	Sun Jan 19 20:56:07 2014	output_data/in_i3_n128.txt	output_data/out_i3_n128_c64.txt	128	64	118.278999
3	Sun Jan 19 20:56:07 2014	output_data/in_i3_n256.txt	output_data/out_i3_n256_c0.txt	256	0	156.781006
3	Sun Jan 19 20:56:08 2014	output_data/in_i3_n256.txt	output_data/out_i3_n256_c1.txt	256	1	193.360001
3	Sun Jan 19 20:56:08 2014	output_data/in_i3_n256.txt	output_data/out_i3_n256_c2.txt	256	2	105.036003
3	Sun Jan 19 20:56:08 2014	output_data/in_i3_n256.txt	output_data/out_i3_n256_c4.txt	256	4	75.278000
3	Sun Jan 19 20:56:09 2014	output_data/in_i3_n256.txt	output_data/out_i3_n256_c8.txt	256	8	79.089996
3	Sun Jan 19 20:56:09 2014	output_data/in_i3_n256.txt	output_data/out_i3_n256_c16.txt	256	16	68.413002
3	Sun Jan 19 20:56:09 2014	output_data/in_i3_n256.txt	output_data/out_i3_n256_c32.txt	256	32	165.296997
3	Sun Jan 19 20:56:09 2014	output_data/in_i3_n256.txt	output_data/out_i3_n256_c64.txt	256	64	267.787994
3	Sun Jan 19 20:56:10 2014	output_data/in_i3_n512.txt	output_data/out_i3_n512_c0.txt	512	0	1217.461060
3	Sun Jan 19 20:56:12 2014	output_data/in_i3_n512.txt	output_data/out_i3_n512_c1.txt	512	1	1469.428955
3	Sun Jan 19 20:56:14 2014	output_data/in_i3_n512.txt	output_data/out_i3_n512_c2.txt	512	2	807.630005
3	Sun Jan 19 20:56:16 2014	output_data/in_i3_n512.txt	output_data/out_i3_n512_c4.txt	512	4	434.927002
3	Sun Jan 19 20:56:17 2014	output_data/in_i3_n512.txt	output_data/out_i3_n512_c8.txt	512	8	323.480988
3	Sun Jan 19 20:56:18 2014	output_data/in_i3_n512.txt	output_data/out_i3_n512_c16.txt	512	16	359.088989
3	Sun Jan 19 20:56:19 2014	output_data/in_i3_n512.txt	output_data/out_i3_n512_c32.txt	512	32	543.877014
3	Sun Jan 19 20:56:21 2014	output_data/in_i3_n512.txt	output_data/out_i3_n512_c64.txt	512	64	767.851013
3	Sun Jan 19 20:56:24 2014	output_data/in_i3_n1024.txt	output_data/out_i3_n1024_c0.txt	1024	0	9671.405273
3	Sun Jan 19 20:56:39 2014	output_data/in_i3_n1024.txt	output_data/out_i3_n1024_c1.txt	1024	1	11789.226562
3	Sun Jan 19 20:56:56 2014	output_data/in_i3_n1024.txt	output_data/out_i3_n1024_c2.txt	1024	2	5965.397949
3	Sun Jan 19 20:57:08 2014	output_data/in_i3_n1024.txt	output_data/out_i3_n1024_c4.txt	1024	4	3115.451904
3	Sun Jan 19 20:57:16 2014	output_data/in_i3_n1024.txt	output_data/out_i3_n1024_c8.txt	1024	8	1746.432983
3	Sun Jan 19 20:57:24 2014	output_data/in_i3_n1024.txt	output_data/out_i3_n1024_c16.txt	1024	16	1207.703979
3	Sun Jan 19 20:57:30 2014	output_data/in_i3_n1024.txt	output_data/out_i3_n1024_c32.txt	1024	32	3000.561035
3	Sun Jan 19 20:57:39 2014	output_data/in_i3_n1024.txt	output_data/out_i3_n1024_c64.txt	1024	64	3496.436035
4	Sun Jan 19 20:57:48 2014	output_data/in_i4_n16.txt	output_data/out_i4_n16_c0.txt	16	0	0.122000
4	Sun Jan 19 20:57:48 2014	output_data/in_i4_n16.txt	output_data/out_i4_n16_c1.txt	16	1	0.585000
4	Sun Jan 19 20:57:48 2014	output_data/in_i4_n16.txt	output_data/out_i4_n16_c2.txt	16	2	0.883000
4	Sun Jan 19 20:57:48 2014	output_data/in_i4_n16.txt	output_data/out_i4_n16_c4.txt	16	4	1.325000
4	Sun Jan 19 20:57:48 2014	output_data/in_i4_n16.txt	output_data/out_i4_n16_c8.txt	16	8	2.702000
4	Sun Jan 19 20:57:48 2014	output_data/in_i4_n16.txt	output_data/out_i4_n16_c16.txt	16	16	4.966000
4	Sun Jan 19 20:57:48 2014	output_data/in_i4_n32.txt	output_data/out_i4_n32_c0.txt	32	0	0.937000
4	Sun Jan 19 20:57:48 2014	output_data/in_i4_n32.txt	output_data/out_i4_n32_c1.txt	32	1	1.563000
4	Sun Jan 19 20:57:48 2014	output_data/in_i4_n32.txt	output_data/out_i4_n32_c2.txt	32	2	1.706000
4	Sun Jan 19 20:57:48 2014	output_data/in_i4_n32.txt	output_data/out_i4_n32_c4.txt	32	4	1.671000
4	Sun Jan 19 20:57:48 2014	output_data/in_i4_n32.txt	output_data/out_i4_n32_c8.txt	32	8	3.132000
4	Sun Jan 19 20:57:48 2014	output_data/in_i4_n32.txt	output_data/out_i4_n32_c16.txt	32	16	7.462000
4	Sun Jan 19 20:57:48 2014	output_data/in_i4_n32.txt	output_data/out_i4_n32_c32.txt	32	32	15.669000
4	Sun Jan 19 20:57:48 2014	output_data/in_i4_n64.txt	output_data/out_i4_n64_c0.txt	64	0	5.827000
4	Sun Jan 19 20:57:48 2014	output_data/in_i4_n64.txt	output_data/out_i4_n64_c1.txt	64	1	8.955000
4	Sun Jan 19 20:57:48 2014	output_data/in_i4_n64.txt	output_data/out_i4_n64_c2.txt	64	2	5.463000
4	Sun Jan 19 20:57:48 2014	output_data/in_i4_n64.txt	output_data/out_i4_n64_c4.txt	64	4	3.933000
4	Sun Jan 19 20:57:48 2014	output_data/in_i4_n64.txt	output_data/out_i4_n64_c8.txt	64	8	4.762000
4	Sun Jan 19 20:57:48 2014	output_data/in_i4_n64.txt	output_data/out_i4_n64_c16.txt	64	16	13.224000
4	Sun Jan 19 20:57:48 2014	output_data/in_i4_n64.txt	output_data/out_i4_n64_c32.txt	64	32	29.044001
4	Sun Jan 19 20:57:49 2014	output_data/in_i4_n64.txt	output_data/out_i4_n64_c64.txt	64	64	57.348999
4	Sun Jan 19 20:57:49 2014	output_data/in_i4_n128.txt	output_data/out_i4_n128_c0.txt	128	0	20.868000
4	Sun Jan 19 20:57:49 2014	output_data/in_i4_n128.txt	output_data/out_i4_n128_c1.txt	128	1	40.889999
4	Sun Jan 19 20:57:49 2014	output_data/in_i4_n128.txt	output_data/out_i4_n128_c2.txt	128	2	28.445000
4	Sun Jan 19 20:57:49 2014	output_data/in_i4_n128.txt	output_data/out_i4_n128_c4.txt	128	4	18.438000
4	Sun Jan 19 20:57:49 2014	output_data/in_i4_n128.txt	output_data/out_i4_n128_c8.txt	128	8	14.784000
4	Sun Jan 19 20:57:49 2014	output_data/in_i4_n128.txt	output_data/out_i4_n128_c16.txt	128	16	26.844000
4	Sun Jan 19 20:57:49 2014	output_data/in_i4_n128.txt	output_data/out_i4_n128_c32.txt	128	32	60.494999
4	Sun Jan 19 20:57:49 2014	output_data/in_i4_n128.txt	output_data/out_i4_n128_c64.txt	128	64	121.987000
4	Sun Jan 19 20:57:49 2014	output_data/in_i4_n256.txt	output_data/out_i4_n256_c0.txt	256	0	161.179993
4	Sun Jan 19 20:57:50 2014	output_data/in_i4_n256.txt	output_data/out_i4_n256_c1.txt	256	1	198.979996
4	Sun Jan 19 20:57:50 2014	output_data/in_i4_n256.txt	output_data/out_i4_n256_c2.txt	256	2	107.172997
4	Sun Jan 19 20:57:50 2014	output_data/in_i4_n256.txt	output_data/out_i4_n256_c4.txt	256	4	73.593002
4	Sun Jan 19 20:57:51 2014	output_data/in_i4_n256.txt	output_data/out_i4_n256_c8.txt	256	8	74.149002
4	Sun Jan 19 20:57:51 2014	output_data/in_i4_n256.txt	output_data/out_i4_n256_c16.txt	256	16	76.886002
4	Sun Jan 19 20:57:51 2014	output_data/in_i4_n256.txt	output_data/out_i4_n256_c32.txt	256	32	165.662003
4	Sun Jan 19 20:57:51 2014	output_data/in_i4_n256.txt	output_data/out_i4_n256_c64.txt	256	64	272.592987
4	Sun Jan 19 20:57:52 2014	output_data/in_i4_n512.txt	output_data/out_i4_n512_c0.txt	512	0	1216.014038
4	Sun Jan 19 20:57:54 2014	output_data/in_i4_n512.txt	output_data/out_i4_n512_c1.txt	512	1	1474.194946
4	Sun Jan 19 20:57:56 2014	output_data/in_i4_n512.txt	output_data/out_i4_n512_c2.txt	512	2	767.557983
4	Sun Jan 19 20:57:58 2014	output_data/in_i4_n512.txt	output_data/out_i4_n512_c4.txt	512	4	428.917999
4	Sun Jan 19 20:57:59 2014	output_data/in_i4_n512.txt	output_data/out_i4_n512_c8.txt	512	8	352.079987
4	Sun Jan 19 20:58:00 2014	output_data/in_i4_n512.txt	output_data/out_i4_n512_c16.txt	512	16	358.268005
4	Sun Jan 19 20:58:01 2014	output_data/in_i4_n512.txt	output_data/out_i4_n512_c32.txt	512	32	556.731018
4	Sun Jan 19 20:58:03 2014	output_data/in_i4_n512.txt	output_data/out_i4_n512_c64.txt	512	64	758.047974
4	Sun Jan 19 20:58:05 2014	output_data/in_i4_n1024.txt	output_data/out_i4_n1024_c0.txt	1024	0	9682.820312
4	Sun Jan 19 20:58:21 2014	output_data/in_i4_n1024.txt	output_data/out_i4_n1024_c1.txt	1024	1	11681.405273
4	Sun Jan 19 20:58:38 2014	output_data/in_i4_n1024.txt	output_data/out_i4_n1024_c2.txt	1024	2	5939.484863
4	Sun Jan 19 20:58:49 2014	output_data/in_i4_n1024.txt	output_data/out_i4_n1024_c4.txt	1024	4	3132.789062
4	Sun Jan 19 20:58:58 2014	output_data/in_i4_n1024.txt	output_data/out_i4_n1024_c8.txt	1024	8	1772.280029
4	Sun Jan 19 20:59:05 2014	output_data/in_i4_n1024.txt	output_data/out_i4_n1024_c16.txt	1024	16	1181.758057
4	Sun Jan 19 20:59:12 2014	output_data/in_i4_n1024.txt	output_data/out_i4_n1024_c32.txt	1024	32	2954.354980
4	Sun Jan 19 20:59:20 2014	output_data/in_i4_n1024.txt	output_data/out_i4_n1024_c64.txt	1024	64	3479.236084
5	Sun Jan 19 20:59:29 2014	output_data/in_i5_n16.txt	output_data/out_i5_n16_c0.txt	16	0	0.120000
5	Sun Jan 19 20:59:29 2014	output_data/in_i5_n16.txt	output_data/out_i5_n16_c1.txt	16	1	0.617000
5	Sun Jan 19 20:59:29 2014	output_data/in_i5_n16.txt	output_data/out_i5_n16_c2.txt	16	2	0.989000
5	Sun Jan 19 20:59:29 2014	output_data/in_i5_n16.txt	output_data/out_i5_n16_c4.txt	16	4	1.325000
5	Sun Jan 19 20:59:29 2014	output_data/in_i5_n16.txt	output_data/out_i5_n16_c8.txt	16	8	2.610000
5	Sun Jan 19 20:59:29 2014	output_data/in_i5_n16.txt	output_data/out_i5_n16_c16.txt	16	16	4.735000
5	Sun Jan 19 20:59:30 2014	output_data/in_i5_n32.txt	output_data/out_i5_n32_c0.txt	32	0	0.489000
5	Sun Jan 19 20:59:30 2014	output_data/in_i5_n32.txt	output_data/out_i5_n32_c1.txt	32	1	1.546000
5	Sun Jan 19 20:59:30 2014	output_data/in_i5_n32.txt	output_data/out_i5_n32_c2.txt	32	2	1.559000
5	Sun Jan 19 20:59:30 2014	output_data/in_i5_n32.txt	output_data/out_i5_n32_c4.txt	32	4	1.702000
5	Sun Jan 19 20:59:30 2014	output_data/in_i5_n32.txt	output_data/out_i5_n32_c8.txt	32	8	3.056000
5	Sun Jan 19 20:59:30 2014	output_data/in_i5_n32.txt	output_data/out_i5_n32_c16.txt	32	16	7.692000
5	Sun Jan 19 20:59:30 2014	output_data/in_i5_n32.txt	output_data/out_i5_n32_c32.txt	32	32	15.463000
5	Sun Jan 19 20:59:30 2014	output_data/in_i5_n64.txt	output_data/out_i5_n64_c0.txt	64	0	7.054000
5	Sun Jan 19 20:59:30 2014	output_data/in_i5_n64.txt	output_data/out_i5_n64_c1.txt	64	1	8.477000
5	Sun Jan 19 20:59:30 2014	output_data/in_i5_n64.txt	output_data/out_i5_n64_c2.txt	64	2	5.511000
5	Sun Jan 19 20:59:30 2014	output_data/in_i5_n64.txt	output_data/out_i5_n64_c4.txt	64	4	4.235000
5	Sun Jan 19 20:59:30 2014	output_data/in_i5_n64.txt	output_data/out_i5_n64_c8.txt	64	8	4.380000
5	Sun Jan 19 20:59:30 2014	output_data/in_i5_n64.txt	output_data/out_i5_n64_c16.txt	64	16	14.449000
5	Sun Jan 19 20:59:30 2014	output_data/in_i5_n64.txt	output_data/out_i5_n64_c32.txt	64	32	26.641001
5	Sun Jan 19 20:59:30 2014	output_data/in_i5_n64.txt	output_data/out_i5_n64_c64.txt	64	64	55.125999
5	Sun Jan 19 20:59:30 2014	output_data/in_i5_n128.txt	output_data/out_i5_n128_c0.txt	128	0	20.881001
5	Sun Jan 19 20:59:30 2014	output_data/in_i5_n128.txt	output_data/out_i5_n128_c1.txt	128	1	40.715000
5	Sun Jan 19 20:59:30 2014	output_data/in_i5_n128.txt	output_data/out_i5_n128_c2.txt	128	2	24.216000
5	Sun Jan 19 20:59:30 2014	output_data/in_i5_n128.txt	output_data/out_i5_n128_c4.txt	128	4	19.035000
5	Sun Jan 19 20:59:30 2014	output_data/in_i5_n128.txt	output_data/out_i5_n128_c8.txt	128	8	14.996000
5	Sun Jan 19 20:59:30 2014	output_data/in_i5_n128.txt	output_data/out_i5_n128_c16.txt	128	16	28.773001
5	Sun Jan 19 20:59:30 2014	output_data/in_i5_n128.txt	output_data/out_i5_n128_c32.txt	128	32	57.567001
5	Sun Jan 19 20:59:31 2014	output_data/in_i5_n128.txt	output_data/out_i5_n128_c64.txt	128	64	119.070999
5	Sun Jan 19 20:59:31 2014	output_data/in_i5_n256.txt	output_data/out_i5_n256_c0.txt	256	0	154.416000
5	Sun Jan 19 20:59:31 2014	output_data/in_i5_n256.txt	output_data/out_i5_n256_c1.txt	256	1	193.414993
5	Sun Jan 19 20:59:31 2014	output_data/in_i5_n256.txt	output_data/out_i5_n256_c2.txt	256	2	106.245003
5	Sun Jan 19 20:59:32 2014	output_data/in_i5_n256.txt	output_data/out_i5_n256_c4.txt	256	4	89.640999
5	Sun Jan 19 20:59:32 2014	output_data/in_i5_n256.txt	output_data/out_i5_n256_c8.txt	256	8	73.250999
5	Sun Jan 19 20:59:32 2014	output_data/in_i5_n256.txt	output_data/out_i5_n256_c16.txt	256	16	95.901001
5	Sun Jan 19 20:59:32 2014	output_data/in_i5_n256.txt	output_data/out_i5_n256_c32.txt	256	32	161.998001
5	Sun Jan 19 20:59:33 2014	output_data/in_i5_n256.txt	output_data/out_i5_n256_c64.txt	256	64	253.591995
5	Sun Jan 19 20:59:34 2014	output_data/in_i5_n512.txt	output_data/out_i5_n512_c0.txt	512	0	1214.849976
5	Sun Jan 19 20:59:36 2014	output_data/in_i5_n512.txt	output_data/out_i5_n512_c1.txt	512	1	1457.672974
5	Sun Jan 19 20:59:38 2014	output_data/in_i5_n512.txt	output_data/out_i5_n512_c2.txt	512	2	792.564026
5	Sun Jan 19 20:59:39 2014	output_data/in_i5_n512.txt	output_data/out_i5_n512_c4.txt	512	4	441.910004
5	Sun Jan 19 20:59:41 2014	output_data/in_i5_n512.txt	output_data/out_i5_n512_c8.txt	512	8	343.864990
5	Sun Jan 19 20:59:42 2014	output_data/in_i5_n512.txt	output_data/out_i5_n512_c16.txt	512	16	370.302002
5	Sun Jan 19 20:59:43 2014	output_data/in_i5_n512.txt	output_data/out_i5_n512_c32.txt	512	32	546.103027
5	Sun Jan 19 20:59:44 2014	output_data/in_i5_n512.txt	output_data/out_i5_n512_c64.txt	512	64	748.403015
5	Sun Jan 19 20:59:47 2014	output_data/in_i5_n1024.txt	output_data/out_i5_n1024_c0.txt	1024	0	9675.699219
5	Sun Jan 19 21:00:02 2014	output_data/in_i5_n1024.txt	output_data/out_i5_n1024_c1.txt	1024	1	11757.836914
5	Sun Jan 19 21:00:19 2014	output_data/in_i5_n1024.txt	output_data/out_i5_n1024_c2.txt	1024	2	5898.504883
5	Sun Jan 19 21:00:31 2014	output_data/in_i5_n1024.txt	output_data/out_i5_n1024_c4.txt	1024	4	3116.370117
5	Sun Jan 19 21:00:39 2014	output_data/in_i5_n1024.txt	output_data/out_i5_n1024_c8.txt	1024	8	1821.807007
5	Sun Jan 19 21:00:47 2014	output_data/in_i5_n1024.txt	output_data/out_i5_n1024_c16.txt	1024	16	1179.072998
5	Sun Jan 19 21:00:53 2014	output_data/in_i5_n1024.txt	output_data/out_i5_n1024_c32.txt	1024	32	2974.179932
5	Sun Jan 19 21:01:02 2014	output_data/in_i5_n1024.txt	output_data/out_i5_n1024_c64.txt	1024	64	3521.987061
6	Sun Jan 19 21:01:11 2014	output_data/in_i6_n16.txt	output_data/out_i6_n16_c0.txt	16	0	0.048000
6	Sun Jan 19 21:01:11 2014	output_data/in_i6_n16.txt	output_data/out_i6_n16_c1.txt	16	1	0.592000
6	Sun Jan 19 21:01:11 2014	output_data/in_i6_n16.txt	output_data/out_i6_n16_c2.txt	16	2	0.995000
6	Sun Jan 19 21:01:11 2014	output_data/in_i6_n16.txt	output_data/out_i6_n16_c4.txt	16	4	1.189000
6	Sun Jan 19 21:01:11 2014	output_data/in_i6_n16.txt	output_data/out_i6_n16_c8.txt	16	8	2.607000
6	Sun Jan 19 21:01:11 2014	output_data/in_i6_n16.txt	output_data/out_i6_n16_c16.txt	16	16	4.716000
6	Sun Jan 19 21:01:11 2014	output_data/in_i6_n32.txt	output_data/out_i6_n32_c0.txt	32	0	0.885000
6	Sun Jan 19 21:01:11 2014	output_data/in_i6_n32.txt	output_data/out_i6_n32_c1.txt	32	1	1.509000
6	Sun Jan 19 21:01:11 2014	output_data/in_i6_n32.txt	output_data/out_i6_n32_c2.txt	32	2	1.537000
6	Sun Jan 19 21:01:11 2014	output_data/in_i6_n32.txt	output_data/out_i6_n32_c4.txt	32	4	1.638000
6	Sun Jan 19 21:01:11 2014	output_data/in_i6_n32.txt	output_data/out_i6_n32_c8.txt	32	8	3.904000
6	Sun Jan 19 21:01:11 2014	output_data/in_i6_n32.txt	output_data/out_i6_n32_c16.txt	32	16	7.836000
6	Sun Jan 19 21:01:11 2014	output_data/in_i6_n32.txt	output_data/out_i6_n32_c32.txt	32	32	15.115000
6	Sun Jan 19 21:01:11 2014	output_data/in_i6_n64.txt	output_data/out_i6_n64_c0.txt	64	0	4.476000
6	Sun Jan 19 21:01:11 2014	output_data/in_i6_n64.txt	output_data/out_i6_n64_c1.txt	64	1	8.674000
6	Sun Jan 19 21:01:12 2014	output_data/in_i6_n64.txt	output_data/out_i6_n64_c2.txt	64	2	5.524000
6	Sun Jan 19 21:01:12 2014	output_data/in_i6_n64.txt	output_data/out_i6_n64_c4.txt	64	4	4.334000
6	Sun Jan 19 21:01:12 2014	output_data/in_i6_n64.txt	output_data/out_i6_n64_c8.txt	64	8	4.813000
6	Sun Jan 19 21:01:12 2014	output_data/in_i6_n64.txt	output_data/out_i6_n64_c16.txt	64	16	13.513000
6	Sun Jan 19 21:01:12 2014	output_data/in_i6_n64.txt	output_data/out_i6_n64_c32.txt	64	32	28.084000
6	Sun Jan 19 21:01:12 2014	output_data/in_i6_n64.txt	output_data/out_i6_n64_c64.txt	64	64	62.248001
6	Sun Jan 19 21:01:12 2014	output_data/in_i6_n128.txt	output_data/out_i6_n128_c0.txt	128	0	20.766001
6	Sun Jan 19 21:01:12 2014	output_data/in_i6_n128.txt	output_data/out_i6_n128_c1.txt	128	1	37.793999
6	Sun Jan 19 21:01:12 2014	output_data/in_i6_n128.txt	output_data/out_i6_n128_c2.txt	128	2	32.696999
6	Sun Jan 19 21:01:12 2014	output_data/in_i6_n128.txt	output_data/out_i6_n128_c4.txt	128	4	18.410999
6	Sun Jan 19 21:01:12 2014	output_data/in_i6_n128.txt	output_data/out_i6_n128_c8.txt	128	8	14.913000
6	Sun Jan 19 21:01:12 2014	output_data/in_i6_n128.txt	output_data/out_i6_n128_c16.txt	128	16	26.110001
6	Sun Jan 19 21:01:12 2014	output_data/in_i6_n128.txt	output_data/out_i6_n128_c32.txt	128	32	62.991001
6	Sun Jan 19 21:01:12 2014	output_data/in_i6_n128.txt	output_data/out_i6_n128_c64.txt	128	64	116.918999
6	Sun Jan 19 21:01:13 2014	output_data/in_i6_n256.txt	output_data/out_i6_n256_c0.txt	256	0	158.862000
6	Sun Jan 19 21:01:13 2014	output_data/in_i6_n256.txt	output_data/out_i6_n256_c1.txt	256	1	192.395996
6	Sun Jan 19 21:01:13 2014	output_data/in_i6_n256.txt	output_data/out_i6_n256_c2.txt	256	2	103.386002
6	Sun Jan 19 21:01:13 2014	output_data/in_i6_n256.txt	output_data/out_i6_n256_c4.txt	256	4	83.186996
6	Sun Jan 19 21:01:14 2014	output_data/in_i6_n256.txt	output_data/out_i6_n256_c8.txt	256	8	91.629997
6	Sun Jan 19 21:01:14 2014	output_data/in_i6_n256.txt	output_data/out_i6_n256_c16.txt	256	16	81.468002
6	Sun Jan 19 21:01:14 2014	output_data/in_i6_n256.txt	output_data/out_i6_n256_c32.txt	256	32	161.425995
6	Sun Jan 19 21:01:14 2014	output_data/in_i6_n256.txt	output_data/out_i6_n256_c64.txt	256	64	264.226990
6	Sun Jan 19 21:01:15 2014	output_data/in_i6_n512.txt	output_data/out_i6_n512_c0.txt	512	0	1215.099976
6	Sun Jan 19 21:01:17 2014	output_data/in_i6_n512.txt	output_data/out_i6_n512_c1.txt	512	1	1457.328979
6	Sun Jan 19 21:01:20 2014	output_data/in_i6_n512.txt	output_data/out_i6_n512_c2.txt	512	2	794.163025
6	Sun Jan 19 21:01:21 2014	output_data/in_i6_n512.txt	output_data/out_i6_n512_c4.txt	512	4	445.339996
6	Sun Jan 19 21:01:22 2014	output_data/in_i6_n512.txt	output_data/out_i6_n512_c8.txt	512	8	323.385010
6	Sun Jan 19 21:01:23 2014	output_data/in_i6_n512.txt	output_data/out_i6_n512_c16.txt	512	16	381.923004
6	Sun Jan 19 21:01:25 2014	output_data/in_i6_n512.txt	output_data/out_i6_n512_c32.txt	512	32	553.320007
6	Sun Jan 19 21:01:26 2014	output_data/in_i6_n512.txt	output_data/out_i6_n512_c64.txt	512	64	769.809998
6	Sun Jan 19 21:01:29 2014	output_data/in_i6_n1024.txt	output_data/out_i6_n1024_c0.txt	1024	0	9678.222656
6	Sun Jan 19 21:01:44 2014	output_data/in_i6_n1024.txt	output_data/out_i6_n1024_c1.txt	1024	1	11739.978516
6	Sun Jan 19 21:02:01 2014	output_data/in_i6_n1024.txt	output_data/out_i6_n1024_c2.txt	1024	2	5936.362793
6	Sun Jan 19 21:02:13 2014	output_data/in_i6_n1024.txt	output_data/out_i6_n1024_c4.txt	1024	4	3055.923096
6	Sun Jan 19 21:02:21 2014	output_data/in_i6_n1024.txt	output_data/out_i6_n1024_c8.txt	1024	8	1794.706055
6	Sun Jan 19 21:02:29 2014	output_data/in_i6_n1024.txt	output_data/out_i6_n1024_c16.txt	1024	16	1187.354980
6	Sun Jan 19 21:02:35 2014	output_data/in_i6_n1024.txt	output_data/out_i6_n1024_c32.txt	1024	32	2913.593994
6	Sun Jan 19 21:02:44 2014	output_data/in_i6_n1024.txt	output_data/out_i6_n1024_c64.txt	1024	64	3532.917969
7	Sun Jan 19 21:02:53 2014	output_data/in_i7_n16.txt	output_data/out_i7_n16_c0.txt	16	0	0.120000
7	Sun Jan 19 21:02:53 2014	output_data/in_i7_n16.txt	output_data/out_i7_n16_c1.txt	16	1	0.580000
7	Sun Jan 19 21:02:53 2014	output_data/in_i7_n16.txt	output_data/out_i7_n16_c2.txt	16	2	0.937000
7	Sun Jan 19 21:02:53 2014	output_data/in_i7_n16.txt	output_data/out_i7_n16_c4.txt	16	4	1.269000
7	Sun Jan 19 21:02:53 2014	output_data/in_i7_n16.txt	output_data/out_i7_n16_c8.txt	16	8	2.524000
7	Sun Jan 19 21:02:53 2014	output_data/in_i7_n16.txt	output_data/out_i7_n16_c16.txt	16	16	5.079000
7	Sun Jan 19 21:02:53 2014	output_data/in_i7_n32.txt	output_data/out_i7_n32_c0.txt	32	0	0.901000
7	Sun Jan 19 21:02:53 2014	output_data/in_i7_n32.txt	output_data/out_i7_n32_c1.txt	32	1	1.555000
7	Sun Jan 19 21:02:53 2014	output_data/in_i7_n32.txt	output_data/out_i7_n32_c2.txt	32	2	1.635000
7	Sun Jan 19 21:02:53 2014	output_data/in_i7_n32.txt	output_data/out_i7_n32_c4.txt	32	4	1.695000
7	Sun Jan 19 21:02:53 2014	output_data/in_i7_n32.txt	output_data/out_i7_n32_c8.txt	32	8	3.034000
7	Sun Jan 19 21:02:53 2014	output_data/in_i7_n32.txt	output_data/out_i7_n32_c16.txt	32	16	7.326000
7	Sun Jan 19 21:02:53 2014	output_data/in_i7_n32.txt	output_data/out_i7_n32_c32.txt	32	32	15.243000
7	Sun Jan 19 21:02:53 2014	output_data/in_i7_n64.txt	output_data/out_i7_n64_c0.txt	64	0	5.201000
7	Sun Jan 19 21:02:53 2014	output_data/in_i7_n64.txt	output_data/out_i7_n64_c1.txt	64	1	8.497000
7	Sun Jan 19 21:02:53 2014	output_data/in_i7_n64.txt	output_data/out_i7_n64_c2.txt	64	2	5.559000
7	Sun Jan 19 21:02:53 2014	output_data/in_i7_n64.txt	output_data/out_i7_n64_c4.txt	64	4	3.938000
7	Sun Jan 19 21:02:53 2014	output_data/in_i7_n64.txt	output_data/out_i7_n64_c8.txt	64	8	4.557000
7	Sun Jan 19 21:02:53 2014	output_data/in_i7_n64.txt	output_data/out_i7_n64_c16.txt	64	16	12.976000
7	Sun Jan 19 21:02:53 2014	output_data/in_i7_n64.txt	output_data/out_i7_n64_c32.txt	64	32	27.663000
7	Sun Jan 19 21:02:53 2014	output_data/in_i7_n64.txt	output_data/out_i7_n64_c64.txt	64	64	57.860001
7	Sun Jan 19 21:02:53 2014	output_data/in_i7_n128.txt	output_data/out_i7_n128_c0.txt	128	0	20.846001
7	Sun Jan 19 21:02:53 2014	output_data/in_i7_n128.txt	output_data/out_i7_n128_c1.txt	128	1	37.125000
7	Sun Jan 19 21:02:54 2014	output_data/in_i7_n128.txt	output_data/out_i7_n128_c2.txt	128	2	23.982000
7	Sun Jan 19 21:02:54 2014	output_data/in_i7_n128.txt	output_data/out_i7_n128_c4.txt	128	4	18.593000
7	Sun Jan 19 21:02:54 2014	output_data/in_i7_n128.txt	output_data/out_i7_n128_c8.txt	128	8	14.321000
7	Sun Jan 19 21:02:54 2014	output_data/in_i7_n128.txt	output_data/out_i7_n128_c16.txt	128	16	29.591999
7	Sun Jan 19 21:02:54 2014	output_data/in_i7_n128.txt	output_data/out_i7_n128_c32.txt	128	32	63.035999
7	Sun Jan 19 21:02:54 2014	output_data/in_i7_n128.txt	output_data/out_i7_n128_c64.txt	128	64	105.941002
7	Sun Jan 19 21:02:54 2014	output_data/in_i7_n256.txt	output_data/out_i7_n256_c0.txt	256	0	157.078995
7	Sun Jan 19 21:02:55 2014	output_data/in_i7_n256.txt	output_data/out_i7_n256_c1.txt	256	1	193.912994
7	Sun Jan 19 21:02:55 2014	output_data/in_i7_n256.txt	output_data/out_i7_n256_c2.txt	256	2	118.224998
7	Sun Jan 19 21:02:55 2014	output_data/in_i7_n256.txt	output_data/out_i7_n256_c4.txt	256	4	73.151001
7	Sun Jan 19 21:02:55 2014	output_data/in_i7_n256.txt	output_data/out_i7_n256_c8.txt	256	8	73.836998
7	Sun Jan 19 21:02:56 2014	output_data/in_i7_n256.txt	output_data/out_i7_n256_c16.txt	256	16	116.740997
7	Sun Jan 19 21:02:56 2014	output_data/in_i7_n256.txt	output_data/out_i7_n256_c32.txt	256	32	168.988007
7	Sun Jan 19 21:02:56 2014	output_data/in_i7_n256.txt	output_data/out_i7_n256_c64.txt	256	64	262.885010
7	Sun Jan 19 21:02:57 2014	output_data/in_i7_n512.txt	output_data/out_i7_n512_c0.txt	512	0	1215.895020
7	Sun Jan 19 21:02:59 2014	output_data/in_i7_n512.txt	output_data/out_i7_n512_c1.txt	512	1	1463.925049
7	Sun Jan 19 21:03:01 2014	output_data/in_i7_n512.txt	output_data/out_i7_n512_c2.txt	512	2	789.620972
7	Sun Jan 19 21:03:03 2014	output_data/in_i7_n512.txt	output_data/out_i7_n512_c4.txt	512	4	421.369995
7	Sun Jan 19 21:03:04 2014	output_data/in_i7_n512.txt	output_data/out_i7_n512_c8.txt	512	8	309.532990
7	Sun Jan 19 21:03:05 2014	output_data/in_i7_n512.txt	output_data/out_i7_n512_c16.txt	512	16	355.677002
7	Sun Jan 19 21:03:06 2014	output_data/in_i7_n512.txt	output_data/out_i7_n512_c32.txt	512	32	556.348022
7	Sun Jan 19 21:03:08 2014	output_data/in_i7_n512.txt	output_data/out_i7_n512_c64.txt	512	64	766.887024
7	Sun Jan 19 21:03:10 2014	output_data/in_i7_n1024.txt	output_data/out_i7_n1024_c0.txt	1024	0	9676.595703
7	Sun Jan 19 21:03:25 2014	output_data/in_i7_n1024.txt	output_data/out_i7_n1024_c1.txt	1024	1	11702.091797
7	Sun Jan 19 21:03:43 2014	output_data/in_i7_n1024.txt	output_data/out_i7_n1024_c2.txt	1024	2	5909.573242
7	Sun Jan 19 21:03:54 2014	output_data/in_i7_n1024.txt	output_data/out_i7_n1024_c4.txt	1024	4	3211.209961
7	Sun Jan 19 21:04:03 2014	output_data/in_i7_n1024.txt	output_data/out_i7_n1024_c8.txt	1024	8	2112.615967
7	Sun Jan 19 21:04:11 2014	output_data/in_i7_n1024.txt	output_data/out_i7_n1024_c16.txt	1024	16	1237.951050
7	Sun Jan 19 21:04:17 2014	output_data/in_i7_n1024.txt	output_data/out_i7_n1024_c32.txt	1024	32	2880.157959
7	Sun Jan 19 21:04:26 2014	output_data/in_i7_n1024.txt	output_data/out_i7_n1024_c64.txt	1024	64	3534.882080
8	Sun Jan 19 21:04:35 2014	output_data/in_i8_n16.txt	output_data/out_i8_n16_c0.txt	16	0	0.119000
8	Sun Jan 19 21:04:35 2014	output_data/in_i8_n16.txt	output_data/out_i8_n16_c1.txt	16	1	0.588000
8	Sun Jan 19 21:04:35 2014	output_data/in_i8_n16.txt	output_data/out_i8_n16_c2.txt	16	2	0.971000
8	Sun Jan 19 21:04:35 2014	output_data/in_i8_n16.txt	output_data/out_i8_n16_c4.txt	16	4	1.257000
8	Sun Jan 19 21:04:35 2014	output_data/in_i8_n16.txt	output_data/out_i8_n16_c8.txt	16	8	2.306000
8	Sun Jan 19 21:04:35 2014	output_data/in_i8_n16.txt	output_data/out_i8_n16_c16.txt	16	16	4.671000
8	Sun Jan 19 21:04:35 2014	output_data/in_i8_n32.txt	output_data/out_i8_n32_c0.txt	32	0	0.908000
8	Sun Jan 19 21:04:35 2014	output_data/in_i8_n32.txt	output_data/out_i8_n32_c1.txt	32	1	1.550000
8	Sun Jan 19 21:04:35 2014	output_data/in_i8_n32.txt	output_data/out_i8_n32_c2.txt	32	2	1.503000
8	Sun Jan 19 21:04:35 2014	output_data/in_i8_n32.txt	output_data/out_i8_n32_c4.txt	32	4	1.640000
8	Sun Jan 19 21:04:35 2014	output_data/in_i8_n32.txt	output_data/out_i8_n32_c8.txt	32	8	3.140000
8	Sun Jan 19 21:04:35 2014	output_data/in_i8_n32.txt	output_data/out_i8_n32_c16.txt	32	16	8.152000
8	Sun Jan 19 21:04:35 2014	output_data/in_i8_n32.txt	output_data/out_i8_n32_c32.txt	32	32	15.856000
8	Sun Jan 19 21:04:35 2014	output_data/in_i8_n64.txt	output_data/out_i8_n64_c0.txt	64	0	3.984000
8	Sun Jan 19 21:04:35 2014	output_data/in_i8_n64.txt	output_data/out_i8_n64_c1.txt	64	1	8.610000
8	Sun Jan 19 21:04:35 2014	output_data/in_i8_n64.txt	output_data/out_i8_n64_c2.txt	64	2	5.412000
8	Sun Jan 19 21:04:35 2014	output_data/in_i8_n64.txt	output_data/out_i8_n64_c4.txt	64	4	4.357000
8	Sun Jan 19 21:04:35 2014	output_data/in_i8_n64.txt	output_data/out_i8_n64_c8.txt	64	8	5.171000
8	Sun Jan 19 21:04:35 2014	output_data/in_i8_n64.txt	output_data/out_i8_n64_c16.txt	64	16	14.002000
8	Sun Jan 19 21:04:35 2014	output_data/in_i8_n64.txt	output_data/out_i8_n64_c32.txt	64	32	27.216000
8	Sun Jan 19 21:04:35 2014	output_data/in_i8_n64.txt	output_data/out_i8_n64_c64.txt	64	64	58.658001
8	Sun Jan 19 21:04:36 2014	output_data/in_i8_n128.txt	output_data/out_i8_n128_c0.txt	128	0	20.867001
8	Sun Jan 19 21:04:36 2014	output_data/in_i8_n128.txt	output_data/out_i8_n128_c1.txt	128	1	34.124001
8	Sun Jan 19 21:04:36 2014	output_data/in_i8_n128.txt	output_data/out_i8_n128_c2.txt	128	2	31.103001
8	Sun Jan 19 21:04:36 2014	output_data/in_i8_n128.txt	output_data/out_i8_n128_c4.txt	128	4	18.878000
8	Sun Jan 19 21:04:36 2014	output_data/in_i8_n128.txt	output_data/out_i8_n128_c8.txt	128	8	14.853000
8	Sun Jan 19 21:04:36 2014	output_data/in_i8_n128.txt	output_data/out_i8_n128_c16.txt	128	16	29.631001
8	Sun Jan 19 21:04:36 2014	output_data/in_i8_n128.txt	output_data/out_i8_n128_c32.txt	128	32	58.835999
8	Sun Jan 19 21:04:36 2014	output_data/in_i8_n128.txt	output_data/out_i8_n128_c64.txt	128	64	107.619003
8	Sun Jan 19 21:04:36 2014	output_data/in_i8_n256.txt	output_data/out_i8_n256_c0.txt	256	0	155.944000
8	Sun Jan 19 21:04:37 2014	output_data/in_i8_n256.txt	output_data/out_i8_n256_c1.txt	256	1	191.921005
8	Sun Jan 19 21:04:37 2014	output_data/in_i8_n256.txt	output_data/out_i8_n256_c2.txt	256	2	103.277000
8	Sun Jan 19 21:04:37 2014	output_data/in_i8_n256.txt	output_data/out_i8_n256_c4.txt	256	4	62.330002
8	Sun Jan 19 21:04:37 2014	output_data/in_i8_n256.txt	output_data/out_i8_n256_c8.txt	256	8	86.906998
8	Sun Jan 19 21:04:38 2014	output_data/in_i8_n256.txt	output_data/out_i8_n256_c16.txt	256	16	91.553001
8	Sun Jan 19 21:04:38 2014	output_data/in_i8_n256.txt	output_data/out_i8_n256_c32.txt	256	32	154.589996
8	Sun Jan 19 21:04:38 2014	output_data/in_i8_n256.txt	output_data/out_i8_n256_c64.txt	256	64	271.996002
8	Sun Jan 19 21:04:39 2014	output_data/in_i8_n512.txt	output_data/out_i8_n512_c0.txt	512	0	1217.270996
8	Sun Jan 19 21:04:41 2014	output_data/in_i8_n512.txt	output_data/out_i8_n512_c1.txt	512	1	1456.807007
8	Sun Jan 19 21:04:43 2014	output_data/in_i8_n512.txt	output_data/out_i8_n512_c2.txt	512	2	783.776001
8	Sun Jan 19 21:04:45 2014	output_data/in_i8_n512.txt	output_data/out_i8_n512_c4.txt	512	4	399.056000
8	Sun Jan 19 21:04:46 2014	output_data/in_i8_n512.txt	output_data/out_i8_n512_c8.txt	512	8	353.109985
8	Sun Jan 19 21:04:47 2014	output_data/in_i8_n512.txt	output_data/out_i8_n512_c16.txt	512	16	379.803009
8	Sun Jan 19 21:04:48 2014	output_data/in_i8_n512.txt	output_data/out_i8_n512_c32.txt	512	32	549.278992
8	Sun Jan 19 21:04:50 2014	output_data/in_i8_n512.txt	output_data/out_i8_n512_c64.txt	512	64	750.862976
8	Sun Jan 19 21:04:52 2014	output_data/in_i8_n1024.txt	output_data/out_i8_n1024_c0.txt	1024	0	9691.991211
8	Sun Jan 19 21:05:08 2014	output_data/in_i8_n1024.txt	output_data/out_i8_n1024_c1.txt	1024	1	11780.800781
8	Sun Jan 19 21:05:25 2014	output_data/in_i8_n1024.txt	output_data/out_i8_n1024_c2.txt	1024	2	5920.219238
8	Sun Jan 19 21:05:36 2014	output_data/in_i8_n1024.txt	output_data/out_i8_n1024_c4.txt	1024	4	3058.555908
8	Sun Jan 19 21:05:45 2014	output_data/in_i8_n1024.txt	output_data/out_i8_n1024_c8.txt	1024	8	1792.831055
8	Sun Jan 19 21:05:52 2014	output_data/in_i8_n1024.txt	output_data/out_i8_n1024_c16.txt	1024	16	1194.354980
8	Sun Jan 19 21:05:59 2014	output_data/in_i8_n1024.txt	output_data/out_i8_n1024_c32.txt	1024	32	2967.080078
8	Sun Jan 19 21:06:07 2014	output_data/in_i8_n1024.txt	output_data/out_i8_n1024_c64.txt	1024	64	3492.792969
9	Sun Jan 19 21:06:16 2014	output_data/in_i9_n16.txt	output_data/out_i9_n16_c0.txt	16	0	0.118000
9	Sun Jan 19 21:06:16 2014	output_data/in_i9_n16.txt	output_data/out_i9_n16_c1.txt	16	1	0.582000
9	Sun Jan 19 21:06:16 2014	output_data/in_i9_n16.txt	output_data/out_i9_n16_c2.txt	16	2	0.919000
9	Sun Jan 19 21:06:16 2014	output_data/in_i9_n16.txt	output_data/out_i9_n16_c4.txt	16	4	1.174000
9	Sun Jan 19 21:06:16 2014	output_data/in_i9_n16.txt	output_data/out_i9_n16_c8.txt	16	8	2.448000
9	Sun Jan 19 21:06:16 2014	output_data/in_i9_n16.txt	output_data/out_i9_n16_c16.txt	16	16	4.717000
9	Sun Jan 19 21:06:16 2014	output_data/in_i9_n32.txt	output_data/out_i9_n32_c0.txt	32	0	0.946000
9	Sun Jan 19 21:06:16 2014	output_data/in_i9_n32.txt	output_data/out_i9_n32_c1.txt	32	1	1.532000
9	Sun Jan 19 21:06:16 2014	output_data/in_i9_n32.txt	output_data/out_i9_n32_c2.txt	32	2	1.530000
9	Sun Jan 19 21:06:16 2014	output_data/in_i9_n32.txt	output_data/out_i9_n32_c4.txt	32	4	1.642000
9	Sun Jan 19 21:06:16 2014	output_data/in_i9_n32.txt	output_data/out_i9_n32_c8.txt	32	8	3.073000
9	Sun Jan 19 21:06:16 2014	output_data/in_i9_n32.txt	output_data/out_i9_n32_c16.txt	32	16	7.802000
9	Sun Jan 19 21:06:16 2014	output_data/in_i9_n32.txt	output_data/out_i9_n32_c32.txt	32	32	15.564000
9	Sun Jan 19 21:06:17 2014	output_data/in_i9_n64.txt	output_data/out_i9_n64_c0.txt	64	0	4.749000
9	Sun Jan 19 21:06:17 2014	output_data/in_i9_n64.txt	output_data/out_i9_n64_c1.txt	64	1	8.417000
9	Sun Jan 19 21:06:17 2014	output_data/in_i9_n64.txt	output_data/out_i9_n64_c2.txt	64	2	5.637000
9	Sun Jan 19 21:06:17 2014	output_data/in_i9_n64.txt	output_data/out_i9_n64_c4.txt	64	4	3.956000
9	Sun Jan 19 21:06:17 2014	output_data/in_i9_n64.txt	output_data/out_i9_n64_c8.txt	64	8	4.467000
9	Sun Jan 19 21:06:17 2014	output_data/in_i9_n64.txt	output_data/out_i9_n64_c16.txt	64	16	14.170000
9	Sun Jan 19 21:06:17 2014	output_data/in_i9_n64.txt	output_data/out_i9_n64_c32.txt	64	32	29.243999
9	Sun Jan 19 21:06:17 2014	output_data/in_i9_n64.txt	output_data/out_i9_n64_c64.txt	64	64	55.671001
9	Sun Jan 19 21:06:17 2014	output_data/in_i9_n128.txt	output_data/out_i9_n128_c0.txt	128	0	20.747000
9	Sun Jan 19 21:06:17 2014	output_data/in_i9_n128.txt	output_data/out_i9_n128_c1.txt	128	1	35.037998
9	Sun Jan 19 21:06:17 2014	output_data/in_i9_n128.txt	output_data/out_i9_n128_c2.txt	128	2	30.910999
9	Sun Jan 19 21:06:17 2014	output_data/in_i9_n128.txt	output_data/out_i9_n128_c4.txt	128	4	18.406000
9	Sun Jan 19 21:06:17 2014	output_data/in_i9_n128.txt	output_data/out_i9_n128_c8.txt	128	8	14.766000
9	Sun Jan 19 21:06:17 2014	output_data/in_i9_n128.txt	output_data/out_i9_n128_c16.txt	128	16	24.459000
9	Sun Jan 19 21:06:17 2014	output_data/in_i9_n128.txt	output_data/out_i9_n128_c32.txt	128	32	63.886002
9	Sun Jan 19 21:06:17 2014	output_data/in_i9_n128.txt	output_data/out_i9_n128_c64.txt	128	64	120.681999
9	Sun Jan 19 21:06:18 2014	output_data/in_i9_n256.txt	output_data/out_i9_n256_c0.txt	256	0	158.067993
9	Sun Jan 19 21:06:18 2014	output_data/in_i9_n256.txt	output_data/out_i9_n256_c1.txt	256	1	192.156998
9	Sun Jan 19 21:06:18 2014	output_data/in_i9_n256.txt	output_data/out_i9_n256_c2.txt	256	2	105.054001
9	Sun Jan 19 21:06:18 2014	output_data/in_i9_n256.txt	output_data/out_i9_n256_c4.txt	256	4	77.466003
9	Sun Jan 19 21:06:19 2014	output_data/in_i9_n256.txt	output_data/out_i9_n256_c8.txt	256	8	72.005997
9	Sun Jan 19 21:06:19 2014	output_data/in_i9_n256.txt	output_data/out_i9_n256_c16.txt	256	16	89.580002
9	Sun Jan 19 21:06:19 2014	output_data/in_i9_n256.txt	output_data/out_i9_n256_c32.txt	256	32	166.414993
9	Sun Jan 19 21:06:20 2014	output_data/in_i9_n256.txt	output_data/out_i9_n256_c64.txt	256	64	281.583008
9	Sun Jan 19 21:06:20 2014	output_data/in_i9_n512.txt	output_data/out_i9_n512_c0.txt	512	0	1217.659058
9	Sun Jan 19 21:06:22 2014	output_data/in_i9_n512.txt	output_data/out_i9_n512_c1.txt	512	1	1471.353027
9	Sun Jan 19 21:06:25 2014	output_data/in_i9_n512.txt	output_data/out_i9_n512_c2.txt	512	2	755.377991
9	Sun Jan 19 21:06:26 2014	output_data/in_i9_n512.txt	output_data/out_i9_n512_c4.txt	512	4	430.537994
9	Sun Jan 19 21:06:27 2014	output_data/in_i9_n512.txt	output_data/out_i9_n512_c8.txt	512	8	320.670990
9	Sun Jan 19 21:06:28 2014	output_data/in_i9_n512.txt	output_data/out_i9_n512_c16.txt	512	16	357.019012
9	Sun Jan 19 21:06:30 2014	output_data/in_i9_n512.txt	output_data/out_i9_n512_c32.txt	512	32	552.422974
9	Sun Jan 19 21:06:31 2014	output_data/in_i9_n512.txt	output_data/out_i9_n512_c64.txt	512	64	760.510986
9	Sun Jan 19 21:06:34 2014	output_data/in_i9_n1024.txt	output_data/out_i9_n1024_c0.txt	1024	0	9682.996094
9	Sun Jan 19 21:06:49 2014	output_data/in_i9_n1024.txt	output_data/out_i9_n1024_c1.txt	1024	1	11728.464844
9	Sun Jan 19 21:07:06 2014	output_data/in_i9_n1024.txt	output_data/out_i9_n1024_c2.txt	1024	2	5914.520996
9	Sun Jan 19 21:07:18 2014	output_data/in_i9_n1024.txt	output_data/out_i9_n1024_c4.txt	1024	4	3126.521973
9	Sun Jan 19 21:07:26 2014	output_data/in_i9_n1024.txt	output_data/out_i9_n1024_c8.txt	1024	8	1753.464966
9	Sun Jan 19 21:07:34 2014	output_data/in_i9_n1024.txt	output_data/out_i9_n1024_c16.txt	1024	16	1218.011963
9	Sun Jan 19 21:07:40 2014	output_data/in_i9_n1024.txt	output_data/out_i9_n1024_c32.txt	1024	32	2891.266113
9	Sun Jan 19 21:07:49 2014	output_data/in_i9_n1024.txt	output_data/out_i9_n1024_c64.txt	1024	64	3531.083008
