0	Mon Jan 20 17:45:17 2014	output_data/in_i0_n16.txt	output_data/out_i0_n16_c0.txt	16	0	0.045000
0	Mon Jan 20 17:45:17 2014	output_data/in_i0_n16.txt	output_data/out_i0_n16_c1.txt	16	1	0.508000
0	Mon Jan 20 17:45:17 2014	output_data/in_i0_n16.txt	output_data/out_i0_n16_c2.txt	16	2	0.929000
0	Mon Jan 20 17:45:17 2014	output_data/in_i0_n16.txt	output_data/out_i0_n16_c4.txt	16	4	1.392000
0	Mon Jan 20 17:45:17 2014	output_data/in_i0_n16.txt	output_data/out_i0_n16_c8.txt	16	8	2.231000
0	Mon Jan 20 17:45:17 2014	output_data/in_i0_n16.txt	output_data/out_i0_n16_c16.txt	16	16	4.680000
0	Mon Jan 20 17:45:17 2014	output_data/in_i0_n32.txt	output_data/out_i0_n32_c0.txt	32	0	0.322000
0	Mon Jan 20 17:45:17 2014	output_data/in_i0_n32.txt	output_data/out_i0_n32_c1.txt	32	1	0.901000
0	Mon Jan 20 17:45:17 2014	output_data/in_i0_n32.txt	output_data/out_i0_n32_c2.txt	32	2	1.377000
0	Mon Jan 20 17:45:17 2014	output_data/in_i0_n32.txt	output_data/out_i0_n32_c4.txt	32	4	1.687000
0	Mon Jan 20 17:45:17 2014	output_data/in_i0_n32.txt	output_data/out_i0_n32_c8.txt	32	8	3.856000
0	Mon Jan 20 17:45:17 2014	output_data/in_i0_n32.txt	output_data/out_i0_n32_c16.txt	32	16	7.930000
0	Mon Jan 20 17:45:17 2014	output_data/in_i0_n32.txt	output_data/out_i0_n32_c32.txt	32	32	15.703000
0	Mon Jan 20 17:45:17 2014	output_data/in_i0_n64.txt	output_data/out_i0_n64_c0.txt	64	0	2.320000
0	Mon Jan 20 17:45:17 2014	output_data/in_i0_n64.txt	output_data/out_i0_n64_c1.txt	64	1	3.455000
0	Mon Jan 20 17:45:17 2014	output_data/in_i0_n64.txt	output_data/out_i0_n64_c2.txt	64	2	2.797000
0	Mon Jan 20 17:45:17 2014	output_data/in_i0_n64.txt	output_data/out_i0_n64_c4.txt	64	4	2.771000
0	Mon Jan 20 17:45:17 2014	output_data/in_i0_n64.txt	output_data/out_i0_n64_c8.txt	64	8	4.294000
0	Mon Jan 20 17:45:17 2014	output_data/in_i0_n64.txt	output_data/out_i0_n64_c16.txt	64	16	13.547000
0	Mon Jan 20 17:45:17 2014	output_data/in_i0_n64.txt	output_data/out_i0_n64_c32.txt	64	32	27.688000
0	Mon Jan 20 17:45:17 2014	output_data/in_i0_n64.txt	output_data/out_i0_n64_c64.txt	64	64	59.463001
0	Mon Jan 20 17:45:17 2014	output_data/in_i0_n128.txt	output_data/out_i0_n128_c0.txt	128	0	6.819000
0	Mon Jan 20 17:45:17 2014	output_data/in_i0_n128.txt	output_data/out_i0_n128_c1.txt	128	1	21.573999
0	Mon Jan 20 17:45:17 2014	output_data/in_i0_n128.txt	output_data/out_i0_n128_c2.txt	128	2	12.552000
0	Mon Jan 20 17:45:18 2014	output_data/in_i0_n128.txt	output_data/out_i0_n128_c4.txt	128	4	8.072000
0	Mon Jan 20 17:45:18 2014	output_data/in_i0_n128.txt	output_data/out_i0_n128_c8.txt	128	8	7.707000
0	Mon Jan 20 17:45:18 2014	output_data/in_i0_n128.txt	output_data/out_i0_n128_c16.txt	128	16	25.108999
0	Mon Jan 20 17:45:18 2014	output_data/in_i0_n128.txt	output_data/out_i0_n128_c32.txt	128	32	56.002998
0	Mon Jan 20 17:45:18 2014	output_data/in_i0_n128.txt	output_data/out_i0_n128_c64.txt	128	64	112.794998
0	Mon Jan 20 17:45:18 2014	output_data/in_i0_n256.txt	output_data/out_i0_n256_c0.txt	256	0	49.992001
0	Mon Jan 20 17:45:18 2014	output_data/in_i0_n256.txt	output_data/out_i0_n256_c1.txt	256	1	68.556000
0	Mon Jan 20 17:45:18 2014	output_data/in_i0_n256.txt	output_data/out_i0_n256_c2.txt	256	2	48.554001
0	Mon Jan 20 17:45:18 2014	output_data/in_i0_n256.txt	output_data/out_i0_n256_c4.txt	256	4	44.223999
0	Mon Jan 20 17:45:19 2014	output_data/in_i0_n256.txt	output_data/out_i0_n256_c8.txt	256	8	32.966000
0	Mon Jan 20 17:45:19 2014	output_data/in_i0_n256.txt	output_data/out_i0_n256_c16.txt	256	16	60.747002
0	Mon Jan 20 17:45:19 2014	output_data/in_i0_n256.txt	output_data/out_i0_n256_c32.txt	256	32	124.684998
0	Mon Jan 20 17:45:19 2014	output_data/in_i0_n256.txt	output_data/out_i0_n256_c64.txt	256	64	238.167999
0	Mon Jan 20 17:45:20 2014	output_data/in_i0_n512.txt	output_data/out_i0_n512_c0.txt	512	0	364.684998
0	Mon Jan 20 17:45:20 2014	output_data/in_i0_n512.txt	output_data/out_i0_n512_c1.txt	512	1	453.419006
0	Mon Jan 20 17:45:21 2014	output_data/in_i0_n512.txt	output_data/out_i0_n512_c2.txt	512	2	256.298004
0	Mon Jan 20 17:45:22 2014	output_data/in_i0_n512.txt	output_data/out_i0_n512_c4.txt	512	4	153.513000
0	Mon Jan 20 17:45:22 2014	output_data/in_i0_n512.txt	output_data/out_i0_n512_c8.txt	512	8	167.727005
0	Mon Jan 20 17:45:23 2014	output_data/in_i0_n512.txt	output_data/out_i0_n512_c16.txt	512	16	209.809998
0	Mon Jan 20 17:45:23 2014	output_data/in_i0_n512.txt	output_data/out_i0_n512_c32.txt	512	32	358.362000
0	Mon Jan 20 17:45:24 2014	output_data/in_i0_n512.txt	output_data/out_i0_n512_c64.txt	512	64	554.778992
0	Mon Jan 20 17:45:26 2014	output_data/in_i0_n1024.txt	output_data/out_i0_n1024_c0.txt	1024	0	2840.935059
0	Mon Jan 20 17:45:31 2014	output_data/in_i0_n1024.txt	output_data/out_i0_n1024_c1.txt	1024	1	3498.654053
0	Mon Jan 20 17:45:36 2014	output_data/in_i0_n1024.txt	output_data/out_i0_n1024_c2.txt	1024	2	1770.182007
0	Mon Jan 20 17:45:40 2014	output_data/in_i0_n1024.txt	output_data/out_i0_n1024_c4.txt	1024	4	969.140015
0	Mon Jan 20 17:45:43 2014	output_data/in_i0_n1024.txt	output_data/out_i0_n1024_c8.txt	1024	8	597.887024
0	Mon Jan 20 17:45:46 2014	output_data/in_i0_n1024.txt	output_data/out_i0_n1024_c16.txt	1024	16	713.476990
0	Mon Jan 20 17:45:48 2014	output_data/in_i0_n1024.txt	output_data/out_i0_n1024_c32.txt	1024	32	1336.984009
0	Mon Jan 20 17:45:52 2014	output_data/in_i0_n1024.txt	output_data/out_i0_n1024_c64.txt	1024	64	1690.406006
1	Mon Jan 20 17:45:55 2014	output_data/in_i1_n16.txt	output_data/out_i1_n16_c0.txt	16	0	0.046000
1	Mon Jan 20 17:45:55 2014	output_data/in_i1_n16.txt	output_data/out_i1_n16_c1.txt	16	1	0.485000
1	Mon Jan 20 17:45:55 2014	output_data/in_i1_n16.txt	output_data/out_i1_n16_c2.txt	16	2	0.859000
1	Mon Jan 20 17:45:55 2014	output_data/in_i1_n16.txt	output_data/out_i1_n16_c4.txt	16	4	1.341000
1	Mon Jan 20 17:45:55 2014	output_data/in_i1_n16.txt	output_data/out_i1_n16_c8.txt	16	8	2.320000
1	Mon Jan 20 17:45:55 2014	output_data/in_i1_n16.txt	output_data/out_i1_n16_c16.txt	16	16	4.671000
1	Mon Jan 20 17:45:56 2014	output_data/in_i1_n32.txt	output_data/out_i1_n32_c0.txt	32	0	0.322000
1	Mon Jan 20 17:45:56 2014	output_data/in_i1_n32.txt	output_data/out_i1_n32_c1.txt	32	1	0.895000
1	Mon Jan 20 17:45:56 2014	output_data/in_i1_n32.txt	output_data/out_i1_n32_c2.txt	32	2	1.279000
1	Mon Jan 20 17:45:56 2014	output_data/in_i1_n32.txt	output_data/out_i1_n32_c4.txt	32	4	1.721000
1	Mon Jan 20 17:45:56 2014	output_data/in_i1_n32.txt	output_data/out_i1_n32_c8.txt	32	8	3.596000
1	Mon Jan 20 17:45:56 2014	output_data/in_i1_n32.txt	output_data/out_i1_n32_c16.txt	32	16	7.922000
1	Mon Jan 20 17:45:56 2014	output_data/in_i1_n32.txt	output_data/out_i1_n32_c32.txt	32	32	14.408000
1	Mon Jan 20 17:45:56 2014	output_data/in_i1_n64.txt	output_data/out_i1_n64_c0.txt	64	0	1.548000
1	Mon Jan 20 17:45:56 2014	output_data/in_i1_n64.txt	output_data/out_i1_n64_c1.txt	64	1	3.440000
1	Mon Jan 20 17:45:56 2014	output_data/in_i1_n64.txt	output_data/out_i1_n64_c2.txt	64	2	2.786000
1	Mon Jan 20 17:45:56 2014	output_data/in_i1_n64.txt	output_data/out_i1_n64_c4.txt	64	4	2.459000
1	Mon Jan 20 17:45:56 2014	output_data/in_i1_n64.txt	output_data/out_i1_n64_c8.txt	64	8	4.463000
1	Mon Jan 20 17:45:56 2014	output_data/in_i1_n64.txt	output_data/out_i1_n64_c16.txt	64	16	13.517000
1	Mon Jan 20 17:45:56 2014	output_data/in_i1_n64.txt	output_data/out_i1_n64_c32.txt	64	32	26.455000
1	Mon Jan 20 17:45:56 2014	output_data/in_i1_n64.txt	output_data/out_i1_n64_c64.txt	64	64	56.484001
1	Mon Jan 20 17:45:56 2014	output_data/in_i1_n128.txt	output_data/out_i1_n128_c0.txt	128	0	6.646000
1	Mon Jan 20 17:45:56 2014	output_data/in_i1_n128.txt	output_data/out_i1_n128_c1.txt	128	1	21.584000
1	Mon Jan 20 17:45:56 2014	output_data/in_i1_n128.txt	output_data/out_i1_n128_c2.txt	128	2	12.423000
1	Mon Jan 20 17:45:56 2014	output_data/in_i1_n128.txt	output_data/out_i1_n128_c4.txt	128	4	8.262000
1	Mon Jan 20 17:45:56 2014	output_data/in_i1_n128.txt	output_data/out_i1_n128_c8.txt	128	8	7.433000
1	Mon Jan 20 17:45:56 2014	output_data/in_i1_n128.txt	output_data/out_i1_n128_c16.txt	128	16	25.943001
1	Mon Jan 20 17:45:56 2014	output_data/in_i1_n128.txt	output_data/out_i1_n128_c32.txt	128	32	55.752998
1	Mon Jan 20 17:45:56 2014	output_data/in_i1_n128.txt	output_data/out_i1_n128_c64.txt	128	64	109.128998
1	Mon Jan 20 17:45:57 2014	output_data/in_i1_n256.txt	output_data/out_i1_n256_c0.txt	256	0	50.300999
1	Mon Jan 20 17:45:57 2014	output_data/in_i1_n256.txt	output_data/out_i1_n256_c1.txt	256	1	70.811996
1	Mon Jan 20 17:45:57 2014	output_data/in_i1_n256.txt	output_data/out_i1_n256_c2.txt	256	2	47.615002
1	Mon Jan 20 17:45:57 2014	output_data/in_i1_n256.txt	output_data/out_i1_n256_c4.txt	256	4	44.376999
1	Mon Jan 20 17:45:57 2014	output_data/in_i1_n256.txt	output_data/out_i1_n256_c8.txt	256	8	33.090000
1	Mon Jan 20 17:45:57 2014	output_data/in_i1_n256.txt	output_data/out_i1_n256_c16.txt	256	16	61.165001
1	Mon Jan 20 17:45:58 2014	output_data/in_i1_n256.txt	output_data/out_i1_n256_c32.txt	256	32	127.702003
1	Mon Jan 20 17:45:58 2014	output_data/in_i1_n256.txt	output_data/out_i1_n256_c64.txt	256	64	235.811996
1	Mon Jan 20 17:45:58 2014	output_data/in_i1_n512.txt	output_data/out_i1_n512_c0.txt	512	0	365.411987
1	Mon Jan 20 17:45:59 2014	output_data/in_i1_n512.txt	output_data/out_i1_n512_c1.txt	512	1	466.300995
1	Mon Jan 20 17:46:00 2014	output_data/in_i1_n512.txt	output_data/out_i1_n512_c2.txt	512	2	240.399994
1	Mon Jan 20 17:46:01 2014	output_data/in_i1_n512.txt	output_data/out_i1_n512_c4.txt	512	4	175.304993
1	Mon Jan 20 17:46:01 2014	output_data/in_i1_n512.txt	output_data/out_i1_n512_c8.txt	512	8	169.544006
1	Mon Jan 20 17:46:02 2014	output_data/in_i1_n512.txt	output_data/out_i1_n512_c16.txt	512	16	150.332001
1	Mon Jan 20 17:46:02 2014	output_data/in_i1_n512.txt	output_data/out_i1_n512_c32.txt	512	32	296.726990
1	Mon Jan 20 17:46:03 2014	output_data/in_i1_n512.txt	output_data/out_i1_n512_c64.txt	512	64	548.140015
1	Mon Jan 20 17:46:05 2014	output_data/in_i1_n1024.txt	output_data/out_i1_n1024_c0.txt	1024	0	2850.940918
1	Mon Jan 20 17:46:10 2014	output_data/in_i1_n1024.txt	output_data/out_i1_n1024_c1.txt	1024	1	3502.743896
1	Mon Jan 20 17:46:15 2014	output_data/in_i1_n1024.txt	output_data/out_i1_n1024_c2.txt	1024	2	1780.021973
1	Mon Jan 20 17:46:19 2014	output_data/in_i1_n1024.txt	output_data/out_i1_n1024_c4.txt	1024	4	961.026978
1	Mon Jan 20 17:46:22 2014	output_data/in_i1_n1024.txt	output_data/out_i1_n1024_c8.txt	1024	8	815.271973
1	Mon Jan 20 17:46:25 2014	output_data/in_i1_n1024.txt	output_data/out_i1_n1024_c16.txt	1024	16	639.403992
1	Mon Jan 20 17:46:27 2014	output_data/in_i1_n1024.txt	output_data/out_i1_n1024_c32.txt	1024	32	1358.984009
1	Mon Jan 20 17:46:31 2014	output_data/in_i1_n1024.txt	output_data/out_i1_n1024_c64.txt	1024	64	1691.453003
2	Mon Jan 20 17:46:34 2014	output_data/in_i2_n16.txt	output_data/out_i2_n16_c0.txt	16	0	0.046000
2	Mon Jan 20 17:46:34 2014	output_data/in_i2_n16.txt	output_data/out_i2_n16_c1.txt	16	1	0.480000
2	Mon Jan 20 17:46:34 2014	output_data/in_i2_n16.txt	output_data/out_i2_n16_c2.txt	16	2	0.892000
2	Mon Jan 20 17:46:34 2014	output_data/in_i2_n16.txt	output_data/out_i2_n16_c4.txt	16	4	1.487000
2	Mon Jan 20 17:46:34 2014	output_data/in_i2_n16.txt	output_data/out_i2_n16_c8.txt	16	8	2.432000
2	Mon Jan 20 17:46:34 2014	output_data/in_i2_n16.txt	output_data/out_i2_n16_c16.txt	16	16	4.657000
2	Mon Jan 20 17:46:34 2014	output_data/in_i2_n32.txt	output_data/out_i2_n32_c0.txt	32	0	0.205000
2	Mon Jan 20 17:46:34 2014	output_data/in_i2_n32.txt	output_data/out_i2_n32_c1.txt	32	1	0.851000
2	Mon Jan 20 17:46:34 2014	output_data/in_i2_n32.txt	output_data/out_i2_n32_c2.txt	32	2	1.316000
2	Mon Jan 20 17:46:34 2014	output_data/in_i2_n32.txt	output_data/out_i2_n32_c4.txt	32	4	1.765000
2	Mon Jan 20 17:46:34 2014	output_data/in_i2_n32.txt	output_data/out_i2_n32_c8.txt	32	8	3.579000
2	Mon Jan 20 17:46:34 2014	output_data/in_i2_n32.txt	output_data/out_i2_n32_c16.txt	32	16	7.580000
2	Mon Jan 20 17:46:34 2014	output_data/in_i2_n32.txt	output_data/out_i2_n32_c32.txt	32	32	15.516000
2	Mon Jan 20 17:46:35 2014	output_data/in_i2_n64.txt	output_data/out_i2_n64_c0.txt	64	0	0.891000
2	Mon Jan 20 17:46:35 2014	output_data/in_i2_n64.txt	output_data/out_i2_n64_c1.txt	64	1	3.438000
2	Mon Jan 20 17:46:35 2014	output_data/in_i2_n64.txt	output_data/out_i2_n64_c2.txt	64	2	2.960000
2	Mon Jan 20 17:46:35 2014	output_data/in_i2_n64.txt	output_data/out_i2_n64_c4.txt	64	4	2.680000
2	Mon Jan 20 17:46:35 2014	output_data/in_i2_n64.txt	output_data/out_i2_n64_c8.txt	64	8	4.464000
2	Mon Jan 20 17:46:35 2014	output_data/in_i2_n64.txt	output_data/out_i2_n64_c16.txt	64	16	13.925000
2	Mon Jan 20 17:46:35 2014	output_data/in_i2_n64.txt	output_data/out_i2_n64_c32.txt	64	32	28.073999
2	Mon Jan 20 17:46:35 2014	output_data/in_i2_n64.txt	output_data/out_i2_n64_c64.txt	64	64	53.463001
2	Mon Jan 20 17:46:35 2014	output_data/in_i2_n128.txt	output_data/out_i2_n128_c0.txt	128	0	8.823000
2	Mon Jan 20 17:46:35 2014	output_data/in_i2_n128.txt	output_data/out_i2_n128_c1.txt	128	1	21.884001
2	Mon Jan 20 17:46:35 2014	output_data/in_i2_n128.txt	output_data/out_i2_n128_c2.txt	128	2	12.539000
2	Mon Jan 20 17:46:35 2014	output_data/in_i2_n128.txt	output_data/out_i2_n128_c4.txt	128	4	8.007000
2	Mon Jan 20 17:46:35 2014	output_data/in_i2_n128.txt	output_data/out_i2_n128_c8.txt	128	8	7.615000
2	Mon Jan 20 17:46:35 2014	output_data/in_i2_n128.txt	output_data/out_i2_n128_c16.txt	128	16	22.438999
2	Mon Jan 20 17:46:35 2014	output_data/in_i2_n128.txt	output_data/out_i2_n128_c32.txt	128	32	54.132999
2	Mon Jan 20 17:46:35 2014	output_data/in_i2_n128.txt	output_data/out_i2_n128_c64.txt	128	64	105.132004
2	Mon Jan 20 17:46:35 2014	output_data/in_i2_n256.txt	output_data/out_i2_n256_c0.txt	256	0	50.382999
2	Mon Jan 20 17:46:36 2014	output_data/in_i2_n256.txt	output_data/out_i2_n256_c1.txt	256	1	73.914001
2	Mon Jan 20 17:46:36 2014	output_data/in_i2_n256.txt	output_data/out_i2_n256_c2.txt	256	2	50.389000
2	Mon Jan 20 17:46:36 2014	output_data/in_i2_n256.txt	output_data/out_i2_n256_c4.txt	256	4	44.938000
2	Mon Jan 20 17:46:36 2014	output_data/in_i2_n256.txt	output_data/out_i2_n256_c8.txt	256	8	32.840000
2	Mon Jan 20 17:46:36 2014	output_data/in_i2_n256.txt	output_data/out_i2_n256_c16.txt	256	16	54.130001
2	Mon Jan 20 17:46:36 2014	output_data/in_i2_n256.txt	output_data/out_i2_n256_c32.txt	256	32	126.541000
2	Mon Jan 20 17:46:36 2014	output_data/in_i2_n256.txt	output_data/out_i2_n256_c64.txt	256	64	225.570999
2	Mon Jan 20 17:46:37 2014	output_data/in_i2_n512.txt	output_data/out_i2_n512_c0.txt	512	0	362.674988
2	Mon Jan 20 17:46:38 2014	output_data/in_i2_n512.txt	output_data/out_i2_n512_c1.txt	512	1	448.744995
2	Mon Jan 20 17:46:39 2014	output_data/in_i2_n512.txt	output_data/out_i2_n512_c2.txt	512	2	263.979004
2	Mon Jan 20 17:46:39 2014	output_data/in_i2_n512.txt	output_data/out_i2_n512_c4.txt	512	4	163.235001
2	Mon Jan 20 17:46:40 2014	output_data/in_i2_n512.txt	output_data/out_i2_n512_c8.txt	512	8	166.031998
2	Mon Jan 20 17:46:40 2014	output_data/in_i2_n512.txt	output_data/out_i2_n512_c16.txt	512	16	211.393997
2	Mon Jan 20 17:46:41 2014	output_data/in_i2_n512.txt	output_data/out_i2_n512_c32.txt	512	32	306.416992
2	Mon Jan 20 17:46:41 2014	output_data/in_i2_n512.txt	output_data/out_i2_n512_c64.txt	512	64	539.375000
2	Mon Jan 20 17:46:43 2014	output_data/in_i2_n1024.txt	output_data/out_i2_n1024_c0.txt	1024	0	2871.247070
2	Mon Jan 20 17:46:48 2014	output_data/in_i2_n1024.txt	output_data/out_i2_n1024_c1.txt	1024	1	3513.801025
2	Mon Jan 20 17:46:54 2014	output_data/in_i2_n1024.txt	output_data/out_i2_n1024_c2.txt	1024	2	1813.755981
2	Mon Jan 20 17:46:58 2014	output_data/in_i2_n1024.txt	output_data/out_i2_n1024_c4.txt	1024	4	983.130981
2	Mon Jan 20 17:47:01 2014	output_data/in_i2_n1024.txt	output_data/out_i2_n1024_c8.txt	1024	8	722.364014
2	Mon Jan 20 17:47:03 2014	output_data/in_i2_n1024.txt	output_data/out_i2_n1024_c16.txt	1024	16	582.750977
2	Mon Jan 20 17:47:06 2014	output_data/in_i2_n1024.txt	output_data/out_i2_n1024_c32.txt	1024	32	1332.970947
2	Mon Jan 20 17:47:09 2014	output_data/in_i2_n1024.txt	output_data/out_i2_n1024_c64.txt	1024	64	1683.848999
3	Mon Jan 20 17:47:13 2014	output_data/in_i3_n16.txt	output_data/out_i3_n16_c0.txt	16	0	0.059000
3	Mon Jan 20 17:47:13 2014	output_data/in_i3_n16.txt	output_data/out_i3_n16_c1.txt	16	1	0.535000
3	Mon Jan 20 17:47:13 2014	output_data/in_i3_n16.txt	output_data/out_i3_n16_c2.txt	16	2	0.913000
3	Mon Jan 20 17:47:13 2014	output_data/in_i3_n16.txt	output_data/out_i3_n16_c4.txt	16	4	1.344000
3	Mon Jan 20 17:47:13 2014	output_data/in_i3_n16.txt	output_data/out_i3_n16_c8.txt	16	8	2.543000
3	Mon Jan 20 17:47:13 2014	output_data/in_i3_n16.txt	output_data/out_i3_n16_c16.txt	16	16	4.640000
3	Mon Jan 20 17:47:13 2014	output_data/in_i3_n32.txt	output_data/out_i3_n32_c0.txt	32	0	0.166000
3	Mon Jan 20 17:47:13 2014	output_data/in_i3_n32.txt	output_data/out_i3_n32_c1.txt	32	1	0.896000
3	Mon Jan 20 17:47:13 2014	output_data/in_i3_n32.txt	output_data/out_i3_n32_c2.txt	32	2	1.297000
3	Mon Jan 20 17:47:13 2014	output_data/in_i3_n32.txt	output_data/out_i3_n32_c4.txt	32	4	1.824000
3	Mon Jan 20 17:47:13 2014	output_data/in_i3_n32.txt	output_data/out_i3_n32_c8.txt	32	8	4.026000
3	Mon Jan 20 17:47:13 2014	output_data/in_i3_n32.txt	output_data/out_i3_n32_c16.txt	32	16	7.899000
3	Mon Jan 20 17:47:13 2014	output_data/in_i3_n32.txt	output_data/out_i3_n32_c32.txt	32	32	15.941000
3	Mon Jan 20 17:47:13 2014	output_data/in_i3_n64.txt	output_data/out_i3_n64_c0.txt	64	0	1.255000
3	Mon Jan 20 17:47:13 2014	output_data/in_i3_n64.txt	output_data/out_i3_n64_c1.txt	64	1	3.367000
3	Mon Jan 20 17:47:13 2014	output_data/in_i3_n64.txt	output_data/out_i3_n64_c2.txt	64	2	2.801000
3	Mon Jan 20 17:47:13 2014	output_data/in_i3_n64.txt	output_data/out_i3_n64_c4.txt	64	4	2.449000
3	Mon Jan 20 17:47:13 2014	output_data/in_i3_n64.txt	output_data/out_i3_n64_c8.txt	64	8	4.741000
3	Mon Jan 20 17:47:13 2014	output_data/in_i3_n64.txt	output_data/out_i3_n64_c16.txt	64	16	13.046000
3	Mon Jan 20 17:47:13 2014	output_data/in_i3_n64.txt	output_data/out_i3_n64_c32.txt	64	32	26.563999
3	Mon Jan 20 17:47:13 2014	output_data/in_i3_n64.txt	output_data/out_i3_n64_c64.txt	64	64	59.999001
3	Mon Jan 20 17:47:14 2014	output_data/in_i3_n128.txt	output_data/out_i3_n128_c0.txt	128	0	8.946000
3	Mon Jan 20 17:47:14 2014	output_data/in_i3_n128.txt	output_data/out_i3_n128_c1.txt	128	1	21.424000
3	Mon Jan 20 17:47:14 2014	output_data/in_i3_n128.txt	output_data/out_i3_n128_c2.txt	128	2	12.535000
3	Mon Jan 20 17:47:14 2014	output_data/in_i3_n128.txt	output_data/out_i3_n128_c4.txt	128	4	8.109000
3	Mon Jan 20 17:47:14 2014	output_data/in_i3_n128.txt	output_data/out_i3_n128_c8.txt	128	8	7.615000
3	Mon Jan 20 17:47:14 2014	output_data/in_i3_n128.txt	output_data/out_i3_n128_c16.txt	128	16	26.285000
3	Mon Jan 20 17:47:14 2014	output_data/in_i3_n128.txt	output_data/out_i3_n128_c32.txt	128	32	57.855000
3	Mon Jan 20 17:47:14 2014	output_data/in_i3_n128.txt	output_data/out_i3_n128_c64.txt	128	64	112.169998
3	Mon Jan 20 17:47:14 2014	output_data/in_i3_n256.txt	output_data/out_i3_n256_c0.txt	256	0	50.340000
3	Mon Jan 20 17:47:14 2014	output_data/in_i3_n256.txt	output_data/out_i3_n256_c1.txt	256	1	71.296997
3	Mon Jan 20 17:47:14 2014	output_data/in_i3_n256.txt	output_data/out_i3_n256_c2.txt	256	2	53.876999
3	Mon Jan 20 17:47:15 2014	output_data/in_i3_n256.txt	output_data/out_i3_n256_c4.txt	256	4	44.762001
3	Mon Jan 20 17:47:15 2014	output_data/in_i3_n256.txt	output_data/out_i3_n256_c8.txt	256	8	33.004002
3	Mon Jan 20 17:47:15 2014	output_data/in_i3_n256.txt	output_data/out_i3_n256_c16.txt	256	16	63.625999
3	Mon Jan 20 17:47:15 2014	output_data/in_i3_n256.txt	output_data/out_i3_n256_c32.txt	256	32	126.943001
3	Mon Jan 20 17:47:15 2014	output_data/in_i3_n256.txt	output_data/out_i3_n256_c64.txt	256	64	213.367004
3	Mon Jan 20 17:47:16 2014	output_data/in_i3_n512.txt	output_data/out_i3_n512_c0.txt	512	0	363.411987
3	Mon Jan 20 17:47:17 2014	output_data/in_i3_n512.txt	output_data/out_i3_n512_c1.txt	512	1	470.295990
3	Mon Jan 20 17:47:17 2014	output_data/in_i3_n512.txt	output_data/out_i3_n512_c2.txt	512	2	258.951996
3	Mon Jan 20 17:47:18 2014	output_data/in_i3_n512.txt	output_data/out_i3_n512_c4.txt	512	4	160.320007
3	Mon Jan 20 17:47:19 2014	output_data/in_i3_n512.txt	output_data/out_i3_n512_c8.txt	512	8	172.960999
3	Mon Jan 20 17:47:19 2014	output_data/in_i3_n512.txt	output_data/out_i3_n512_c16.txt	512	16	211.923996
3	Mon Jan 20 17:47:20 2014	output_data/in_i3_n512.txt	output_data/out_i3_n512_c32.txt	512	32	302.548004
3	Mon Jan 20 17:47:20 2014	output_data/in_i3_n512.txt	output_data/out_i3_n512_c64.txt	512	64	541.557983
3	Mon Jan 20 17:47:22 2014	output_data/in_i3_n1024.txt	output_data/out_i3_n1024_c0.txt	1024	0	2848.056885
3	Mon Jan 20 17:47:27 2014	output_data/in_i3_n1024.txt	output_data/out_i3_n1024_c1.txt	1024	1	3568.501953
3	Mon Jan 20 17:47:33 2014	output_data/in_i3_n1024.txt	output_data/out_i3_n1024_c2.txt	1024	2	1807.713013
3	Mon Jan 20 17:47:36 2014	output_data/in_i3_n1024.txt	output_data/out_i3_n1024_c4.txt	1024	4	986.546997
3	Mon Jan 20 17:47:39 2014	output_data/in_i3_n1024.txt	output_data/out_i3_n1024_c8.txt	1024	8	590.080994
3	Mon Jan 20 17:47:42 2014	output_data/in_i3_n1024.txt	output_data/out_i3_n1024_c16.txt	1024	16	1238.239014
3	Mon Jan 20 17:47:45 2014	output_data/in_i3_n1024.txt	output_data/out_i3_n1024_c32.txt	1024	32	1387.874023
3	Mon Jan 20 17:47:48 2014	output_data/in_i3_n1024.txt	output_data/out_i3_n1024_c64.txt	1024	64	1678.970947
4	Mon Jan 20 17:47:52 2014	output_data/in_i4_n16.txt	output_data/out_i4_n16_c0.txt	16	0	0.050000
4	Mon Jan 20 17:47:52 2014	output_data/in_i4_n16.txt	output_data/out_i4_n16_c1.txt	16	1	0.494000
4	Mon Jan 20 17:47:52 2014	output_data/in_i4_n16.txt	output_data/out_i4_n16_c2.txt	16	2	0.861000
4	Mon Jan 20 17:47:52 2014	output_data/in_i4_n16.txt	output_data/out_i4_n16_c4.txt	16	4	1.321000
4	Mon Jan 20 17:47:52 2014	output_data/in_i4_n16.txt	output_data/out_i4_n16_c8.txt	16	8	2.376000
4	Mon Jan 20 17:47:52 2014	output_data/in_i4_n16.txt	output_data/out_i4_n16_c16.txt	16	16	4.878000
4	Mon Jan 20 17:47:52 2014	output_data/in_i4_n32.txt	output_data/out_i4_n32_c0.txt	32	0	0.324000
4	Mon Jan 20 17:47:52 2014	output_data/in_i4_n32.txt	output_data/out_i4_n32_c1.txt	32	1	0.891000
4	Mon Jan 20 17:47:52 2014	output_data/in_i4_n32.txt	output_data/out_i4_n32_c2.txt	32	2	1.334000
4	Mon Jan 20 17:47:52 2014	output_data/in_i4_n32.txt	output_data/out_i4_n32_c4.txt	32	4	1.709000
4	Mon Jan 20 17:47:53 2014	output_data/in_i4_n32.txt	output_data/out_i4_n32_c8.txt	32	8	3.681000
4	Mon Jan 20 17:47:53 2014	output_data/in_i4_n32.txt	output_data/out_i4_n32_c16.txt	32	16	8.760000
4	Mon Jan 20 17:47:53 2014	output_data/in_i4_n32.txt	output_data/out_i4_n32_c32.txt	32	32	16.426001
4	Mon Jan 20 17:47:53 2014	output_data/in_i4_n64.txt	output_data/out_i4_n64_c0.txt	64	0	2.356000
4	Mon Jan 20 17:47:53 2014	output_data/in_i4_n64.txt	output_data/out_i4_n64_c1.txt	64	1	3.306000
4	Mon Jan 20 17:47:53 2014	output_data/in_i4_n64.txt	output_data/out_i4_n64_c2.txt	64	2	2.866000
4	Mon Jan 20 17:47:53 2014	output_data/in_i4_n64.txt	output_data/out_i4_n64_c4.txt	64	4	2.741000
4	Mon Jan 20 17:47:53 2014	output_data/in_i4_n64.txt	output_data/out_i4_n64_c8.txt	64	8	4.322000
4	Mon Jan 20 17:47:53 2014	output_data/in_i4_n64.txt	output_data/out_i4_n64_c16.txt	64	16	13.074000
4	Mon Jan 20 17:47:53 2014	output_data/in_i4_n64.txt	output_data/out_i4_n64_c32.txt	64	32	26.707001
4	Mon Jan 20 17:47:53 2014	output_data/in_i4_n64.txt	output_data/out_i4_n64_c64.txt	64	64	51.674999
4	Mon Jan 20 17:47:53 2014	output_data/in_i4_n128.txt	output_data/out_i4_n128_c0.txt	128	0	6.780000
4	Mon Jan 20 17:47:53 2014	output_data/in_i4_n128.txt	output_data/out_i4_n128_c1.txt	128	1	21.764999
4	Mon Jan 20 17:47:53 2014	output_data/in_i4_n128.txt	output_data/out_i4_n128_c2.txt	128	2	12.561000
4	Mon Jan 20 17:47:53 2014	output_data/in_i4_n128.txt	output_data/out_i4_n128_c4.txt	128	4	7.912000
4	Mon Jan 20 17:47:53 2014	output_data/in_i4_n128.txt	output_data/out_i4_n128_c8.txt	128	8	7.949000
4	Mon Jan 20 17:47:53 2014	output_data/in_i4_n128.txt	output_data/out_i4_n128_c16.txt	128	16	25.323999
4	Mon Jan 20 17:47:53 2014	output_data/in_i4_n128.txt	output_data/out_i4_n128_c32.txt	128	32	55.026001
4	Mon Jan 20 17:47:53 2014	output_data/in_i4_n128.txt	output_data/out_i4_n128_c64.txt	128	64	116.518997
4	Mon Jan 20 17:47:54 2014	output_data/in_i4_n256.txt	output_data/out_i4_n256_c0.txt	256	0	50.719002
4	Mon Jan 20 17:47:54 2014	output_data/in_i4_n256.txt	output_data/out_i4_n256_c1.txt	256	1	68.688004
4	Mon Jan 20 17:47:54 2014	output_data/in_i4_n256.txt	output_data/out_i4_n256_c2.txt	256	2	47.625000
4	Mon Jan 20 17:47:54 2014	output_data/in_i4_n256.txt	output_data/out_i4_n256_c4.txt	256	4	45.466000
4	Mon Jan 20 17:47:54 2014	output_data/in_i4_n256.txt	output_data/out_i4_n256_c8.txt	256	8	33.236000
4	Mon Jan 20 17:47:54 2014	output_data/in_i4_n256.txt	output_data/out_i4_n256_c16.txt	256	16	56.967999
4	Mon Jan 20 17:47:54 2014	output_data/in_i4_n256.txt	output_data/out_i4_n256_c32.txt	256	32	124.528000
4	Mon Jan 20 17:47:55 2014	output_data/in_i4_n256.txt	output_data/out_i4_n256_c64.txt	256	64	229.998993
4	Mon Jan 20 17:47:55 2014	output_data/in_i4_n512.txt	output_data/out_i4_n512_c0.txt	512	0	366.808014
4	Mon Jan 20 17:47:56 2014	output_data/in_i4_n512.txt	output_data/out_i4_n512_c1.txt	512	1	451.657013
4	Mon Jan 20 17:47:57 2014	output_data/in_i4_n512.txt	output_data/out_i4_n512_c2.txt	512	2	255.248001
4	Mon Jan 20 17:47:57 2014	output_data/in_i4_n512.txt	output_data/out_i4_n512_c4.txt	512	4	146.806000
4	Mon Jan 20 17:47:58 2014	output_data/in_i4_n512.txt	output_data/out_i4_n512_c8.txt	512	8	165.955994
4	Mon Jan 20 17:47:58 2014	output_data/in_i4_n512.txt	output_data/out_i4_n512_c16.txt	512	16	198.300995
4	Mon Jan 20 17:47:59 2014	output_data/in_i4_n512.txt	output_data/out_i4_n512_c32.txt	512	32	306.992004
4	Mon Jan 20 17:48:00 2014	output_data/in_i4_n512.txt	output_data/out_i4_n512_c64.txt	512	64	546.124023
4	Mon Jan 20 17:48:02 2014	output_data/in_i4_n1024.txt	output_data/out_i4_n1024_c0.txt	1024	0	2842.080078
4	Mon Jan 20 17:48:06 2014	output_data/in_i4_n1024.txt	output_data/out_i4_n1024_c1.txt	1024	1	3495.210938
4	Mon Jan 20 17:48:12 2014	output_data/in_i4_n1024.txt	output_data/out_i4_n1024_c2.txt	1024	2	1798.514038
4	Mon Jan 20 17:48:16 2014	output_data/in_i4_n1024.txt	output_data/out_i4_n1024_c4.txt	1024	4	1088.427979
4	Mon Jan 20 17:48:19 2014	output_data/in_i4_n1024.txt	output_data/out_i4_n1024_c8.txt	1024	8	796.921021
4	Mon Jan 20 17:48:22 2014	output_data/in_i4_n1024.txt	output_data/out_i4_n1024_c16.txt	1024	16	1470.006958
4	Mon Jan 20 17:48:25 2014	output_data/in_i4_n1024.txt	output_data/out_i4_n1024_c32.txt	1024	32	1436.229004
4	Mon Jan 20 17:48:29 2014	output_data/in_i4_n1024.txt	output_data/out_i4_n1024_c64.txt	1024	64	1977.145996
5	Mon Jan 20 17:48:33 2014	output_data/in_i5_n16.txt	output_data/out_i5_n16_c0.txt	16	0	0.018000
5	Mon Jan 20 17:48:33 2014	output_data/in_i5_n16.txt	output_data/out_i5_n16_c1.txt	16	1	0.483000
5	Mon Jan 20 17:48:33 2014	output_data/in_i5_n16.txt	output_data/out_i5_n16_c2.txt	16	2	0.902000
5	Mon Jan 20 17:48:33 2014	output_data/in_i5_n16.txt	output_data/out_i5_n16_c4.txt	16	4	1.224000
5	Mon Jan 20 17:48:33 2014	output_data/in_i5_n16.txt	output_data/out_i5_n16_c8.txt	16	8	2.201000
5	Mon Jan 20 17:48:33 2014	output_data/in_i5_n16.txt	output_data/out_i5_n16_c16.txt	16	16	4.575000
5	Mon Jan 20 17:48:33 2014	output_data/in_i5_n32.txt	output_data/out_i5_n32_c0.txt	32	0	0.321000
5	Mon Jan 20 17:48:33 2014	output_data/in_i5_n32.txt	output_data/out_i5_n32_c1.txt	32	1	0.862000
5	Mon Jan 20 17:48:33 2014	output_data/in_i5_n32.txt	output_data/out_i5_n32_c2.txt	32	2	1.320000
5	Mon Jan 20 17:48:33 2014	output_data/in_i5_n32.txt	output_data/out_i5_n32_c4.txt	32	4	1.476000
5	Mon Jan 20 17:48:33 2014	output_data/in_i5_n32.txt	output_data/out_i5_n32_c8.txt	32	8	3.315000
5	Mon Jan 20 17:48:33 2014	output_data/in_i5_n32.txt	output_data/out_i5_n32_c16.txt	32	16	7.051000
5	Mon Jan 20 17:48:33 2014	output_data/in_i5_n32.txt	output_data/out_i5_n32_c32.txt	32	32	14.578000
5	Mon Jan 20 17:48:33 2014	output_data/in_i5_n64.txt	output_data/out_i5_n64_c0.txt	64	0	1.127000
5	Mon Jan 20 17:48:33 2014	output_data/in_i5_n64.txt	output_data/out_i5_n64_c1.txt	64	1	3.378000
5	Mon Jan 20 17:48:33 2014	output_data/in_i5_n64.txt	output_data/out_i5_n64_c2.txt	64	2	2.857000
5	Mon Jan 20 17:48:33 2014	output_data/in_i5_n64.txt	output_data/out_i5_n64_c4.txt	64	4	2.746000
5	Mon Jan 20 17:48:33 2014	output_data/in_i5_n64.txt	output_data/out_i5_n64_c8.txt	64	8	4.084000
5	Mon Jan 20 17:48:33 2014	output_data/in_i5_n64.txt	output_data/out_i5_n64_c16.txt	64	16	13.546000
5	Mon Jan 20 17:48:33 2014	output_data/in_i5_n64.txt	output_data/out_i5_n64_c32.txt	64	32	26.737000
5	Mon Jan 20 17:48:33 2014	output_data/in_i5_n64.txt	output_data/out_i5_n64_c64.txt	64	64	55.226002
5	Mon Jan 20 17:48:33 2014	output_data/in_i5_n128.txt	output_data/out_i5_n128_c0.txt	128	0	6.638000
5	Mon Jan 20 17:48:33 2014	output_data/in_i5_n128.txt	output_data/out_i5_n128_c1.txt	128	1	19.796000
5	Mon Jan 20 17:48:33 2014	output_data/in_i5_n128.txt	output_data/out_i5_n128_c2.txt	128	2	12.405000
5	Mon Jan 20 17:48:33 2014	output_data/in_i5_n128.txt	output_data/out_i5_n128_c4.txt	128	4	7.884000
5	Mon Jan 20 17:48:33 2014	output_data/in_i5_n128.txt	output_data/out_i5_n128_c8.txt	128	8	7.158000
5	Mon Jan 20 17:48:33 2014	output_data/in_i5_n128.txt	output_data/out_i5_n128_c16.txt	128	16	19.052999
5	Mon Jan 20 17:48:33 2014	output_data/in_i5_n128.txt	output_data/out_i5_n128_c32.txt	128	32	54.419998
5	Mon Jan 20 17:48:33 2014	output_data/in_i5_n128.txt	output_data/out_i5_n128_c64.txt	128	64	123.065002
5	Mon Jan 20 17:48:34 2014	output_data/in_i5_n256.txt	output_data/out_i5_n256_c0.txt	256	0	50.901001
5	Mon Jan 20 17:48:34 2014	output_data/in_i5_n256.txt	output_data/out_i5_n256_c1.txt	256	1	70.400002
5	Mon Jan 20 17:48:34 2014	output_data/in_i5_n256.txt	output_data/out_i5_n256_c2.txt	256	2	42.847000
5	Mon Jan 20 17:48:34 2014	output_data/in_i5_n256.txt	output_data/out_i5_n256_c4.txt	256	4	45.198002
5	Mon Jan 20 17:48:34 2014	output_data/in_i5_n256.txt	output_data/out_i5_n256_c8.txt	256	8	33.931000
5	Mon Jan 20 17:48:34 2014	output_data/in_i5_n256.txt	output_data/out_i5_n256_c16.txt	256	16	55.083000
5	Mon Jan 20 17:48:34 2014	output_data/in_i5_n256.txt	output_data/out_i5_n256_c32.txt	256	32	106.068001
5	Mon Jan 20 17:48:35 2014	output_data/in_i5_n256.txt	output_data/out_i5_n256_c64.txt	256	64	243.567993
5	Mon Jan 20 17:48:35 2014	output_data/in_i5_n512.txt	output_data/out_i5_n512_c0.txt	512	0	363.345001
5	Mon Jan 20 17:48:36 2014	output_data/in_i5_n512.txt	output_data/out_i5_n512_c1.txt	512	1	449.505005
5	Mon Jan 20 17:48:37 2014	output_data/in_i5_n512.txt	output_data/out_i5_n512_c2.txt	512	2	244.263000
5	Mon Jan 20 17:48:37 2014	output_data/in_i5_n512.txt	output_data/out_i5_n512_c4.txt	512	4	158.225006
5	Mon Jan 20 17:48:38 2014	output_data/in_i5_n512.txt	output_data/out_i5_n512_c8.txt	512	8	170.093002
5	Mon Jan 20 17:48:38 2014	output_data/in_i5_n512.txt	output_data/out_i5_n512_c16.txt	512	16	206.300003
5	Mon Jan 20 17:48:39 2014	output_data/in_i5_n512.txt	output_data/out_i5_n512_c32.txt	512	32	331.500000
5	Mon Jan 20 17:48:40 2014	output_data/in_i5_n512.txt	output_data/out_i5_n512_c64.txt	512	64	632.010010
5	Mon Jan 20 17:48:42 2014	output_data/in_i5_n1024.txt	output_data/out_i5_n1024_c0.txt	1024	0	2884.623047
5	Mon Jan 20 17:48:47 2014	output_data/in_i5_n1024.txt	output_data/out_i5_n1024_c1.txt	1024	1	3537.330078
5	Mon Jan 20 17:48:52 2014	output_data/in_i5_n1024.txt	output_data/out_i5_n1024_c2.txt	1024	2	1849.203979
5	Mon Jan 20 17:48:56 2014	output_data/in_i5_n1024.txt	output_data/out_i5_n1024_c4.txt	1024	4	1029.519043
5	Mon Jan 20 17:48:59 2014	output_data/in_i5_n1024.txt	output_data/out_i5_n1024_c8.txt	1024	8	727.156006
5	Mon Jan 20 17:49:02 2014	output_data/in_i5_n1024.txt	output_data/out_i5_n1024_c16.txt	1024	16	644.997009
5	Mon Jan 20 17:49:04 2014	output_data/in_i5_n1024.txt	output_data/out_i5_n1024_c32.txt	1024	32	1347.215942
5	Mon Jan 20 17:49:08 2014	output_data/in_i5_n1024.txt	output_data/out_i5_n1024_c64.txt	1024	64	1699.582031
6	Mon Jan 20 17:49:12 2014	output_data/in_i6_n16.txt	output_data/out_i6_n16_c0.txt	16	0	0.044000
6	Mon Jan 20 17:49:12 2014	output_data/in_i6_n16.txt	output_data/out_i6_n16_c1.txt	16	1	0.523000
6	Mon Jan 20 17:49:12 2014	output_data/in_i6_n16.txt	output_data/out_i6_n16_c2.txt	16	2	0.938000
6	Mon Jan 20 17:49:12 2014	output_data/in_i6_n16.txt	output_data/out_i6_n16_c4.txt	16	4	1.380000
6	Mon Jan 20 17:49:12 2014	output_data/in_i6_n16.txt	output_data/out_i6_n16_c8.txt	16	8	2.650000
6	Mon Jan 20 17:49:12 2014	output_data/in_i6_n16.txt	output_data/out_i6_n16_c16.txt	16	16	4.877000
6	Mon Jan 20 17:49:12 2014	output_data/in_i6_n32.txt	output_data/out_i6_n32_c0.txt	32	0	0.250000
6	Mon Jan 20 17:49:12 2014	output_data/in_i6_n32.txt	output_data/out_i6_n32_c1.txt	32	1	0.890000
6	Mon Jan 20 17:49:12 2014	output_data/in_i6_n32.txt	output_data/out_i6_n32_c2.txt	32	2	1.317000
6	Mon Jan 20 17:49:12 2014	output_data/in_i6_n32.txt	output_data/out_i6_n32_c4.txt	32	4	1.760000
6	Mon Jan 20 17:49:12 2014	output_data/in_i6_n32.txt	output_data/out_i6_n32_c8.txt	32	8	3.976000
6	Mon Jan 20 17:49:12 2014	output_data/in_i6_n32.txt	output_data/out_i6_n32_c16.txt	32	16	7.651000
6	Mon Jan 20 17:49:12 2014	output_data/in_i6_n32.txt	output_data/out_i6_n32_c32.txt	32	32	17.298000
6	Mon Jan 20 17:49:12 2014	output_data/in_i6_n64.txt	output_data/out_i6_n64_c0.txt	64	0	1.259000
6	Mon Jan 20 17:49:12 2014	output_data/in_i6_n64.txt	output_data/out_i6_n64_c1.txt	64	1	3.412000
6	Mon Jan 20 17:49:12 2014	output_data/in_i6_n64.txt	output_data/out_i6_n64_c2.txt	64	2	2.918000
6	Mon Jan 20 17:49:12 2014	output_data/in_i6_n64.txt	output_data/out_i6_n64_c4.txt	64	4	2.727000
6	Mon Jan 20 17:49:12 2014	output_data/in_i6_n64.txt	output_data/out_i6_n64_c8.txt	64	8	4.348000
6	Mon Jan 20 17:49:12 2014	output_data/in_i6_n64.txt	output_data/out_i6_n64_c16.txt	64	16	14.005000
6	Mon Jan 20 17:49:12 2014	output_data/in_i6_n64.txt	output_data/out_i6_n64_c32.txt	64	32	28.857000
6	Mon Jan 20 17:49:12 2014	output_data/in_i6_n64.txt	output_data/out_i6_n64_c64.txt	64	64	56.838001
6	Mon Jan 20 17:49:12 2014	output_data/in_i6_n128.txt	output_data/out_i6_n128_c0.txt	128	0	8.675000
6	Mon Jan 20 17:49:12 2014	output_data/in_i6_n128.txt	output_data/out_i6_n128_c1.txt	128	1	21.898001
6	Mon Jan 20 17:49:12 2014	output_data/in_i6_n128.txt	output_data/out_i6_n128_c2.txt	128	2	12.718000
6	Mon Jan 20 17:49:12 2014	output_data/in_i6_n128.txt	output_data/out_i6_n128_c4.txt	128	4	8.133000
6	Mon Jan 20 17:49:12 2014	output_data/in_i6_n128.txt	output_data/out_i6_n128_c8.txt	128	8	7.884000
6	Mon Jan 20 17:49:12 2014	output_data/in_i6_n128.txt	output_data/out_i6_n128_c16.txt	128	16	23.172001
6	Mon Jan 20 17:49:13 2014	output_data/in_i6_n128.txt	output_data/out_i6_n128_c32.txt	128	32	55.605000
6	Mon Jan 20 17:49:13 2014	output_data/in_i6_n128.txt	output_data/out_i6_n128_c64.txt	128	64	111.436996
6	Mon Jan 20 17:49:13 2014	output_data/in_i6_n256.txt	output_data/out_i6_n256_c0.txt	256	0	50.647999
6	Mon Jan 20 17:49:13 2014	output_data/in_i6_n256.txt	output_data/out_i6_n256_c1.txt	256	1	66.010002
6	Mon Jan 20 17:49:13 2014	output_data/in_i6_n256.txt	output_data/out_i6_n256_c2.txt	256	2	48.632999
6	Mon Jan 20 17:49:13 2014	output_data/in_i6_n256.txt	output_data/out_i6_n256_c4.txt	256	4	44.570999
6	Mon Jan 20 17:49:13 2014	output_data/in_i6_n256.txt	output_data/out_i6_n256_c8.txt	256	8	33.081001
6	Mon Jan 20 17:49:14 2014	output_data/in_i6_n256.txt	output_data/out_i6_n256_c16.txt	256	16	60.972000
6	Mon Jan 20 17:49:14 2014	output_data/in_i6_n256.txt	output_data/out_i6_n256_c32.txt	256	32	126.792999
6	Mon Jan 20 17:49:14 2014	output_data/in_i6_n256.txt	output_data/out_i6_n256_c64.txt	256	64	239.570999
6	Mon Jan 20 17:49:15 2014	output_data/in_i6_n512.txt	output_data/out_i6_n512_c0.txt	512	0	362.915985
6	Mon Jan 20 17:49:15 2014	output_data/in_i6_n512.txt	output_data/out_i6_n512_c1.txt	512	1	453.454987
6	Mon Jan 20 17:49:16 2014	output_data/in_i6_n512.txt	output_data/out_i6_n512_c2.txt	512	2	246.434006
6	Mon Jan 20 17:49:17 2014	output_data/in_i6_n512.txt	output_data/out_i6_n512_c4.txt	512	4	157.977997
6	Mon Jan 20 17:49:17 2014	output_data/in_i6_n512.txt	output_data/out_i6_n512_c8.txt	512	8	170.013000
6	Mon Jan 20 17:49:18 2014	output_data/in_i6_n512.txt	output_data/out_i6_n512_c16.txt	512	16	211.755997
6	Mon Jan 20 17:49:18 2014	output_data/in_i6_n512.txt	output_data/out_i6_n512_c32.txt	512	32	304.494995
6	Mon Jan 20 17:49:19 2014	output_data/in_i6_n512.txt	output_data/out_i6_n512_c64.txt	512	64	559.997009
6	Mon Jan 20 17:49:21 2014	output_data/in_i6_n1024.txt	output_data/out_i6_n1024_c0.txt	1024	0	2845.949951
6	Mon Jan 20 17:49:26 2014	output_data/in_i6_n1024.txt	output_data/out_i6_n1024_c1.txt	1024	1	3497.318115
6	Mon Jan 20 17:49:31 2014	output_data/in_i6_n1024.txt	output_data/out_i6_n1024_c2.txt	1024	2	1814.447998
6	Mon Jan 20 17:49:35 2014	output_data/in_i6_n1024.txt	output_data/out_i6_n1024_c4.txt	1024	4	985.059998
6	Mon Jan 20 17:49:38 2014	output_data/in_i6_n1024.txt	output_data/out_i6_n1024_c8.txt	1024	8	716.547974
6	Mon Jan 20 17:49:41 2014	output_data/in_i6_n1024.txt	output_data/out_i6_n1024_c16.txt	1024	16	583.067017
6	Mon Jan 20 17:49:43 2014	output_data/in_i6_n1024.txt	output_data/out_i6_n1024_c32.txt	1024	32	1336.493042
6	Mon Jan 20 17:49:47 2014	output_data/in_i6_n1024.txt	output_data/out_i6_n1024_c64.txt	1024	64	1699.484009
7	Mon Jan 20 17:49:50 2014	output_data/in_i7_n16.txt	output_data/out_i7_n16_c0.txt	16	0	0.043000
7	Mon Jan 20 17:49:50 2014	output_data/in_i7_n16.txt	output_data/out_i7_n16_c1.txt	16	1	0.524000
7	Mon Jan 20 17:49:50 2014	output_data/in_i7_n16.txt	output_data/out_i7_n16_c2.txt	16	2	0.926000
7	Mon Jan 20 17:49:50 2014	output_data/in_i7_n16.txt	output_data/out_i7_n16_c4.txt	16	4	1.397000
7	Mon Jan 20 17:49:50 2014	output_data/in_i7_n16.txt	output_data/out_i7_n16_c8.txt	16	8	3.536000
7	Mon Jan 20 17:49:50 2014	output_data/in_i7_n16.txt	output_data/out_i7_n16_c16.txt	16	16	4.780000
7	Mon Jan 20 17:49:50 2014	output_data/in_i7_n32.txt	output_data/out_i7_n32_c0.txt	32	0	0.323000
7	Mon Jan 20 17:49:50 2014	output_data/in_i7_n32.txt	output_data/out_i7_n32_c1.txt	32	1	0.889000
7	Mon Jan 20 17:49:50 2014	output_data/in_i7_n32.txt	output_data/out_i7_n32_c2.txt	32	2	1.267000
7	Mon Jan 20 17:49:50 2014	output_data/in_i7_n32.txt	output_data/out_i7_n32_c4.txt	32	4	1.689000
7	Mon Jan 20 17:49:50 2014	output_data/in_i7_n32.txt	output_data/out_i7_n32_c8.txt	32	8	3.771000
7	Mon Jan 20 17:49:51 2014	output_data/in_i7_n32.txt	output_data/out_i7_n32_c16.txt	32	16	7.546000
7	Mon Jan 20 17:49:51 2014	output_data/in_i7_n32.txt	output_data/out_i7_n32_c32.txt	32	32	14.995000
7	Mon Jan 20 17:49:51 2014	output_data/in_i7_n64.txt	output_data/out_i7_n64_c0.txt	64	0	0.964000
7	Mon Jan 20 17:49:51 2014	output_data/in_i7_n64.txt	output_data/out_i7_n64_c1.txt	64	1	3.311000
7	Mon Jan 20 17:49:51 2014	output_data/in_i7_n64.txt	output_data/out_i7_n64_c2.txt	64	2	2.705000
7	Mon Jan 20 17:49:51 2014	output_data/in_i7_n64.txt	output_data/out_i7_n64_c4.txt	64	4	2.625000
7	Mon Jan 20 17:49:51 2014	output_data/in_i7_n64.txt	output_data/out_i7_n64_c8.txt	64	8	4.621000
7	Mon Jan 20 17:49:51 2014	output_data/in_i7_n64.txt	output_data/out_i7_n64_c16.txt	64	16	13.620000
7	Mon Jan 20 17:49:51 2014	output_data/in_i7_n64.txt	output_data/out_i7_n64_c32.txt	64	32	27.799000
7	Mon Jan 20 17:49:51 2014	output_data/in_i7_n64.txt	output_data/out_i7_n64_c64.txt	64	64	58.278000
7	Mon Jan 20 17:49:51 2014	output_data/in_i7_n128.txt	output_data/out_i7_n128_c0.txt	128	0	10.856000
7	Mon Jan 20 17:49:51 2014	output_data/in_i7_n128.txt	output_data/out_i7_n128_c1.txt	128	1	21.896000
7	Mon Jan 20 17:49:51 2014	output_data/in_i7_n128.txt	output_data/out_i7_n128_c2.txt	128	2	12.626000
7	Mon Jan 20 17:49:51 2014	output_data/in_i7_n128.txt	output_data/out_i7_n128_c4.txt	128	4	7.934000
7	Mon Jan 20 17:49:51 2014	output_data/in_i7_n128.txt	output_data/out_i7_n128_c8.txt	128	8	8.028000
7	Mon Jan 20 17:49:51 2014	output_data/in_i7_n128.txt	output_data/out_i7_n128_c16.txt	128	16	26.816000
7	Mon Jan 20 17:49:51 2014	output_data/in_i7_n128.txt	output_data/out_i7_n128_c32.txt	128	32	58.672001
7	Mon Jan 20 17:49:51 2014	output_data/in_i7_n128.txt	output_data/out_i7_n128_c64.txt	128	64	108.291000
7	Mon Jan 20 17:49:52 2014	output_data/in_i7_n256.txt	output_data/out_i7_n256_c0.txt	256	0	50.463001
7	Mon Jan 20 17:49:52 2014	output_data/in_i7_n256.txt	output_data/out_i7_n256_c1.txt	256	1	65.766998
7	Mon Jan 20 17:49:52 2014	output_data/in_i7_n256.txt	output_data/out_i7_n256_c2.txt	256	2	38.703999
7	Mon Jan 20 17:49:52 2014	output_data/in_i7_n256.txt	output_data/out_i7_n256_c4.txt	256	4	44.596001
7	Mon Jan 20 17:49:52 2014	output_data/in_i7_n256.txt	output_data/out_i7_n256_c8.txt	256	8	32.945999
7	Mon Jan 20 17:49:52 2014	output_data/in_i7_n256.txt	output_data/out_i7_n256_c16.txt	256	16	57.835999
7	Mon Jan 20 17:49:52 2014	output_data/in_i7_n256.txt	output_data/out_i7_n256_c32.txt	256	32	126.244003
7	Mon Jan 20 17:49:53 2014	output_data/in_i7_n256.txt	output_data/out_i7_n256_c64.txt	256	64	213.886002
7	Mon Jan 20 17:49:53 2014	output_data/in_i7_n512.txt	output_data/out_i7_n512_c0.txt	512	0	363.156006
7	Mon Jan 20 17:49:54 2014	output_data/in_i7_n512.txt	output_data/out_i7_n512_c1.txt	512	1	453.227997
7	Mon Jan 20 17:49:55 2014	output_data/in_i7_n512.txt	output_data/out_i7_n512_c2.txt	512	2	246.072006
7	Mon Jan 20 17:49:55 2014	output_data/in_i7_n512.txt	output_data/out_i7_n512_c4.txt	512	4	155.024002
7	Mon Jan 20 17:49:56 2014	output_data/in_i7_n512.txt	output_data/out_i7_n512_c8.txt	512	8	167.369995
7	Mon Jan 20 17:49:56 2014	output_data/in_i7_n512.txt	output_data/out_i7_n512_c16.txt	512	16	192.401001
7	Mon Jan 20 17:49:57 2014	output_data/in_i7_n512.txt	output_data/out_i7_n512_c32.txt	512	32	308.247009
7	Mon Jan 20 17:49:57 2014	output_data/in_i7_n512.txt	output_data/out_i7_n512_c64.txt	512	64	558.877014
7	Mon Jan 20 17:50:00 2014	output_data/in_i7_n1024.txt	output_data/out_i7_n1024_c0.txt	1024	0	2846.468018
7	Mon Jan 20 17:50:04 2014	output_data/in_i7_n1024.txt	output_data/out_i7_n1024_c1.txt	1024	1	3564.462891
7	Mon Jan 20 17:50:10 2014	output_data/in_i7_n1024.txt	output_data/out_i7_n1024_c2.txt	1024	2	1765.588989
7	Mon Jan 20 17:50:14 2014	output_data/in_i7_n1024.txt	output_data/out_i7_n1024_c4.txt	1024	4	935.695007
7	Mon Jan 20 17:50:17 2014	output_data/in_i7_n1024.txt	output_data/out_i7_n1024_c8.txt	1024	8	753.101990
7	Mon Jan 20 17:50:19 2014	output_data/in_i7_n1024.txt	output_data/out_i7_n1024_c16.txt	1024	16	555.263977
7	Mon Jan 20 17:50:22 2014	output_data/in_i7_n1024.txt	output_data/out_i7_n1024_c32.txt	1024	32	1344.688965
7	Mon Jan 20 17:50:25 2014	output_data/in_i7_n1024.txt	output_data/out_i7_n1024_c64.txt	1024	64	1681.000000
8	Mon Jan 20 17:50:29 2014	output_data/in_i8_n16.txt	output_data/out_i8_n16_c0.txt	16	0	0.041000
8	Mon Jan 20 17:50:29 2014	output_data/in_i8_n16.txt	output_data/out_i8_n16_c1.txt	16	1	0.505000
8	Mon Jan 20 17:50:29 2014	output_data/in_i8_n16.txt	output_data/out_i8_n16_c2.txt	16	2	0.927000
8	Mon Jan 20 17:50:29 2014	output_data/in_i8_n16.txt	output_data/out_i8_n16_c4.txt	16	4	1.401000
8	Mon Jan 20 17:50:29 2014	output_data/in_i8_n16.txt	output_data/out_i8_n16_c8.txt	16	8	2.317000
8	Mon Jan 20 17:50:29 2014	output_data/in_i8_n16.txt	output_data/out_i8_n16_c16.txt	16	16	4.616000
8	Mon Jan 20 17:50:29 2014	output_data/in_i8_n32.txt	output_data/out_i8_n32_c0.txt	32	0	0.331000
8	Mon Jan 20 17:50:29 2014	output_data/in_i8_n32.txt	output_data/out_i8_n32_c1.txt	32	1	0.901000
8	Mon Jan 20 17:50:29 2014	output_data/in_i8_n32.txt	output_data/out_i8_n32_c2.txt	32	2	1.255000
8	Mon Jan 20 17:50:29 2014	output_data/in_i8_n32.txt	output_data/out_i8_n32_c4.txt	32	4	1.673000
8	Mon Jan 20 17:50:29 2014	output_data/in_i8_n32.txt	output_data/out_i8_n32_c8.txt	32	8	3.869000
8	Mon Jan 20 17:50:29 2014	output_data/in_i8_n32.txt	output_data/out_i8_n32_c16.txt	32	16	7.855000
8	Mon Jan 20 17:50:29 2014	output_data/in_i8_n32.txt	output_data/out_i8_n32_c32.txt	32	32	16.011999
8	Mon Jan 20 17:50:29 2014	output_data/in_i8_n64.txt	output_data/out_i8_n64_c0.txt	64	0	1.569000
8	Mon Jan 20 17:50:29 2014	output_data/in_i8_n64.txt	output_data/out_i8_n64_c1.txt	64	1	3.448000
8	Mon Jan 20 17:50:29 2014	output_data/in_i8_n64.txt	output_data/out_i8_n64_c2.txt	64	2	2.859000
8	Mon Jan 20 17:50:29 2014	output_data/in_i8_n64.txt	output_data/out_i8_n64_c4.txt	64	4	2.590000
8	Mon Jan 20 17:50:29 2014	output_data/in_i8_n64.txt	output_data/out_i8_n64_c8.txt	64	8	4.057000
8	Mon Jan 20 17:50:29 2014	output_data/in_i8_n64.txt	output_data/out_i8_n64_c16.txt	64	16	13.422000
8	Mon Jan 20 17:50:29 2014	output_data/in_i8_n64.txt	output_data/out_i8_n64_c32.txt	64	32	28.541000
8	Mon Jan 20 17:50:29 2014	output_data/in_i8_n64.txt	output_data/out_i8_n64_c64.txt	64	64	57.025002
8	Mon Jan 20 17:50:30 2014	output_data/in_i8_n128.txt	output_data/out_i8_n128_c0.txt	128	0	6.709000
8	Mon Jan 20 17:50:30 2014	output_data/in_i8_n128.txt	output_data/out_i8_n128_c1.txt	128	1	21.752001
8	Mon Jan 20 17:50:30 2014	output_data/in_i8_n128.txt	output_data/out_i8_n128_c2.txt	128	2	12.548000
8	Mon Jan 20 17:50:30 2014	output_data/in_i8_n128.txt	output_data/out_i8_n128_c4.txt	128	4	8.100000
8	Mon Jan 20 17:50:30 2014	output_data/in_i8_n128.txt	output_data/out_i8_n128_c8.txt	128	8	7.466000
8	Mon Jan 20 17:50:30 2014	output_data/in_i8_n128.txt	output_data/out_i8_n128_c16.txt	128	16	23.915001
8	Mon Jan 20 17:50:30 2014	output_data/in_i8_n128.txt	output_data/out_i8_n128_c32.txt	128	32	53.844002
8	Mon Jan 20 17:50:30 2014	output_data/in_i8_n128.txt	output_data/out_i8_n128_c64.txt	128	64	114.696999
8	Mon Jan 20 17:50:30 2014	output_data/in_i8_n256.txt	output_data/out_i8_n256_c0.txt	256	0	50.372002
8	Mon Jan 20 17:50:30 2014	output_data/in_i8_n256.txt	output_data/out_i8_n256_c1.txt	256	1	68.529999
8	Mon Jan 20 17:50:31 2014	output_data/in_i8_n256.txt	output_data/out_i8_n256_c2.txt	256	2	51.894001
8	Mon Jan 20 17:50:31 2014	output_data/in_i8_n256.txt	output_data/out_i8_n256_c4.txt	256	4	44.713001
8	Mon Jan 20 17:50:31 2014	output_data/in_i8_n256.txt	output_data/out_i8_n256_c8.txt	256	8	33.070000
8	Mon Jan 20 17:50:31 2014	output_data/in_i8_n256.txt	output_data/out_i8_n256_c16.txt	256	16	59.341999
8	Mon Jan 20 17:50:31 2014	output_data/in_i8_n256.txt	output_data/out_i8_n256_c32.txt	256	32	126.598000
8	Mon Jan 20 17:50:31 2014	output_data/in_i8_n256.txt	output_data/out_i8_n256_c64.txt	256	64	227.738998
8	Mon Jan 20 17:50:32 2014	output_data/in_i8_n512.txt	output_data/out_i8_n512_c0.txt	512	0	363.029999
8	Mon Jan 20 17:50:33 2014	output_data/in_i8_n512.txt	output_data/out_i8_n512_c1.txt	512	1	451.020996
8	Mon Jan 20 17:50:33 2014	output_data/in_i8_n512.txt	output_data/out_i8_n512_c2.txt	512	2	259.454987
8	Mon Jan 20 17:50:34 2014	output_data/in_i8_n512.txt	output_data/out_i8_n512_c4.txt	512	4	167.244003
8	Mon Jan 20 17:50:34 2014	output_data/in_i8_n512.txt	output_data/out_i8_n512_c8.txt	512	8	166.626007
8	Mon Jan 20 17:50:35 2014	output_data/in_i8_n512.txt	output_data/out_i8_n512_c16.txt	512	16	206.518997
8	Mon Jan 20 17:50:36 2014	output_data/in_i8_n512.txt	output_data/out_i8_n512_c32.txt	512	32	329.541992
8	Mon Jan 20 17:50:36 2014	output_data/in_i8_n512.txt	output_data/out_i8_n512_c64.txt	512	64	572.533020
8	Mon Jan 20 17:50:38 2014	output_data/in_i8_n1024.txt	output_data/out_i8_n1024_c0.txt	1024	0	2841.679932
8	Mon Jan 20 17:50:43 2014	output_data/in_i8_n1024.txt	output_data/out_i8_n1024_c1.txt	1024	1	3495.020020
8	Mon Jan 20 17:50:48 2014	output_data/in_i8_n1024.txt	output_data/out_i8_n1024_c2.txt	1024	2	1794.406006
8	Mon Jan 20 17:50:52 2014	output_data/in_i8_n1024.txt	output_data/out_i8_n1024_c4.txt	1024	4	950.356995
8	Mon Jan 20 17:50:55 2014	output_data/in_i8_n1024.txt	output_data/out_i8_n1024_c8.txt	1024	8	764.377991
8	Mon Jan 20 17:50:58 2014	output_data/in_i8_n1024.txt	output_data/out_i8_n1024_c16.txt	1024	16	595.874023
8	Mon Jan 20 17:51:00 2014	output_data/in_i8_n1024.txt	output_data/out_i8_n1024_c32.txt	1024	32	1332.161011
8	Mon Jan 20 17:51:04 2014	output_data/in_i8_n1024.txt	output_data/out_i8_n1024_c64.txt	1024	64	1678.258057
9	Mon Jan 20 17:51:07 2014	output_data/in_i9_n16.txt	output_data/out_i9_n16_c0.txt	16	0	0.045000
9	Mon Jan 20 17:51:08 2014	output_data/in_i9_n16.txt	output_data/out_i9_n16_c1.txt	16	1	0.508000
9	Mon Jan 20 17:51:08 2014	output_data/in_i9_n16.txt	output_data/out_i9_n16_c2.txt	16	2	0.883000
9	Mon Jan 20 17:51:08 2014	output_data/in_i9_n16.txt	output_data/out_i9_n16_c4.txt	16	4	1.332000
9	Mon Jan 20 17:51:08 2014	output_data/in_i9_n16.txt	output_data/out_i9_n16_c8.txt	16	8	2.365000
9	Mon Jan 20 17:51:08 2014	output_data/in_i9_n16.txt	output_data/out_i9_n16_c16.txt	16	16	4.788000
9	Mon Jan 20 17:51:08 2014	output_data/in_i9_n32.txt	output_data/out_i9_n32_c0.txt	32	0	0.321000
9	Mon Jan 20 17:51:08 2014	output_data/in_i9_n32.txt	output_data/out_i9_n32_c1.txt	32	1	0.890000
9	Mon Jan 20 17:51:08 2014	output_data/in_i9_n32.txt	output_data/out_i9_n32_c2.txt	32	2	1.277000
9	Mon Jan 20 17:51:08 2014	output_data/in_i9_n32.txt	output_data/out_i9_n32_c4.txt	32	4	1.661000
9	Mon Jan 20 17:51:08 2014	output_data/in_i9_n32.txt	output_data/out_i9_n32_c8.txt	32	8	3.656000
9	Mon Jan 20 17:51:08 2014	output_data/in_i9_n32.txt	output_data/out_i9_n32_c16.txt	32	16	7.186000
9	Mon Jan 20 17:51:08 2014	output_data/in_i9_n32.txt	output_data/out_i9_n32_c32.txt	32	32	16.805000
9	Mon Jan 20 17:51:08 2014	output_data/in_i9_n64.txt	output_data/out_i9_n64_c0.txt	64	0	1.878000
9	Mon Jan 20 17:51:08 2014	output_data/in_i9_n64.txt	output_data/out_i9_n64_c1.txt	64	1	3.499000
9	Mon Jan 20 17:51:08 2014	output_data/in_i9_n64.txt	output_data/out_i9_n64_c2.txt	64	2	2.926000
9	Mon Jan 20 17:51:08 2014	output_data/in_i9_n64.txt	output_data/out_i9_n64_c4.txt	64	4	2.668000
9	Mon Jan 20 17:51:08 2014	output_data/in_i9_n64.txt	output_data/out_i9_n64_c8.txt	64	8	4.392000
9	Mon Jan 20 17:51:08 2014	output_data/in_i9_n64.txt	output_data/out_i9_n64_c16.txt	64	16	13.827000
9	Mon Jan 20 17:51:08 2014	output_data/in_i9_n64.txt	output_data/out_i9_n64_c32.txt	64	32	28.041000
9	Mon Jan 20 17:51:08 2014	output_data/in_i9_n64.txt	output_data/out_i9_n64_c64.txt	64	64	58.097000
9	Mon Jan 20 17:51:08 2014	output_data/in_i9_n128.txt	output_data/out_i9_n128_c0.txt	128	0	6.714000
9	Mon Jan 20 17:51:08 2014	output_data/in_i9_n128.txt	output_data/out_i9_n128_c1.txt	128	1	18.212999
9	Mon Jan 20 17:51:08 2014	output_data/in_i9_n128.txt	output_data/out_i9_n128_c2.txt	128	2	12.557000
9	Mon Jan 20 17:51:08 2014	output_data/in_i9_n128.txt	output_data/out_i9_n128_c4.txt	128	4	7.857000
9	Mon Jan 20 17:51:08 2014	output_data/in_i9_n128.txt	output_data/out_i9_n128_c8.txt	128	8	7.461000
9	Mon Jan 20 17:51:08 2014	output_data/in_i9_n128.txt	output_data/out_i9_n128_c16.txt	128	16	23.940001
9	Mon Jan 20 17:51:08 2014	output_data/in_i9_n128.txt	output_data/out_i9_n128_c32.txt	128	32	54.633999
9	Mon Jan 20 17:51:08 2014	output_data/in_i9_n128.txt	output_data/out_i9_n128_c64.txt	128	64	107.070999
9	Mon Jan 20 17:51:09 2014	output_data/in_i9_n256.txt	output_data/out_i9_n256_c0.txt	256	0	50.757999
9	Mon Jan 20 17:51:09 2014	output_data/in_i9_n256.txt	output_data/out_i9_n256_c1.txt	256	1	64.114998
9	Mon Jan 20 17:51:09 2014	output_data/in_i9_n256.txt	output_data/out_i9_n256_c2.txt	256	2	57.827999
9	Mon Jan 20 17:51:09 2014	output_data/in_i9_n256.txt	output_data/out_i9_n256_c4.txt	256	4	44.659000
9	Mon Jan 20 17:51:09 2014	output_data/in_i9_n256.txt	output_data/out_i9_n256_c8.txt	256	8	32.832001
9	Mon Jan 20 17:51:09 2014	output_data/in_i9_n256.txt	output_data/out_i9_n256_c16.txt	256	16	60.743999
9	Mon Jan 20 17:51:10 2014	output_data/in_i9_n256.txt	output_data/out_i9_n256_c32.txt	256	32	131.184998
9	Mon Jan 20 17:51:10 2014	output_data/in_i9_n256.txt	output_data/out_i9_n256_c64.txt	256	64	235.901993
9	Mon Jan 20 17:51:10 2014	output_data/in_i9_n512.txt	output_data/out_i9_n512_c0.txt	512	0	363.200989
9	Mon Jan 20 17:51:11 2014	output_data/in_i9_n512.txt	output_data/out_i9_n512_c1.txt	512	1	456.348999
9	Mon Jan 20 17:51:12 2014	output_data/in_i9_n512.txt	output_data/out_i9_n512_c2.txt	512	2	254.641998
9	Mon Jan 20 17:51:13 2014	output_data/in_i9_n512.txt	output_data/out_i9_n512_c4.txt	512	4	162.589005
9	Mon Jan 20 17:51:13 2014	output_data/in_i9_n512.txt	output_data/out_i9_n512_c8.txt	512	8	167.673004
9	Mon Jan 20 17:51:14 2014	output_data/in_i9_n512.txt	output_data/out_i9_n512_c16.txt	512	16	209.311005
9	Mon Jan 20 17:51:14 2014	output_data/in_i9_n512.txt	output_data/out_i9_n512_c32.txt	512	32	368.226013
9	Mon Jan 20 17:51:15 2014	output_data/in_i9_n512.txt	output_data/out_i9_n512_c64.txt	512	64	550.114014
9	Mon Jan 20 17:51:17 2014	output_data/in_i9_n1024.txt	output_data/out_i9_n1024_c0.txt	1024	0	2846.149902
9	Mon Jan 20 17:51:22 2014	output_data/in_i9_n1024.txt	output_data/out_i9_n1024_c1.txt	1024	1	3510.553955
9	Mon Jan 20 17:51:27 2014	output_data/in_i9_n1024.txt	output_data/out_i9_n1024_c2.txt	1024	2	1789.083008
9	Mon Jan 20 17:51:31 2014	output_data/in_i9_n1024.txt	output_data/out_i9_n1024_c4.txt	1024	4	956.132019
9	Mon Jan 20 17:51:34 2014	output_data/in_i9_n1024.txt	output_data/out_i9_n1024_c8.txt	1024	8	647.583984
9	Mon Jan 20 17:51:37 2014	output_data/in_i9_n1024.txt	output_data/out_i9_n1024_c16.txt	1024	16	488.527008
9	Mon Jan 20 17:51:39 2014	output_data/in_i9_n1024.txt	output_data/out_i9_n1024_c32.txt	1024	32	1324.969971
9	Mon Jan 20 17:51:43 2014	output_data/in_i9_n1024.txt	output_data/out_i9_n1024_c64.txt	1024	64	1688.577026
